USIH ;    Nome      ;SegFPHA; Fcorrec ;    Rhs     ;    Varm     ;    Qtur     ;    Qlat     
1; CAMARGOS     ;1;1;-10.7284;0.016954;0.232556;-0.004352
1; CAMARGOS     ;2;1;-7.3267;0.011302;0.235301;-0.002485
1; CAMARGOS     ;3;1;-7.1849;0.011302;0.233976;-0.003783
1; CAMARGOS     ;4;1;-4.2644;0.006521;0.236502;-0.0013
1; CAMARGOS     ;5;1;-3.1266;0.004781;0.236721;-0.001474
1; CAMARGOS     ;6;1;0;0;0.237922;-0.000295
1; CAMARGOS     ;7;1;1.6466;0.016954;0.155453;-0.005571
1; CAMARGOS     ;8;1;13.6444;0;0.151194;0
2; ITUTINGA     ;1;1;0;0;0.247525;-0.001344
2; ITUTINGA     ;2;1;0.5414;0;0.237375;-0.003764
2; ITUTINGA     ;3;1;1.3597;0;0.229704;-0.005075
2; ITUTINGA     ;4;1;1.8507;0;0.226636;-0.006021
4; FUNIL-GRANDE ;1;1;0;0;0.364231;-0.003389
4; FUNIL-GRANDE ;2;1;2.6315;0;0.343476;-0.010284
4; FUNIL-GRANDE ;3;1;6.813;0;0.326986;-0.015457
4; FUNIL-GRANDE ;4;1;11.757;0;0.313988;-0.019504
6; FURNAS       ;1;1;-109.3264;0.01194;0.789061;-0.006982
6; FURNAS       ;2;1;-103.2222;0.011274;0.789674;-0.005863
6; FURNAS       ;3;1;-57.5341;0.006636;0.791807;-0.005939
6; FURNAS       ;4;1;-53.5099;0.00597;0.795504;-0.004805
6; FURNAS       ;5;1;-51.2005;0.00597;0.79242;-0.00537
6; FURNAS       ;6;1;-30.4349;0.002985;0.815166;-0.002729
6; FURNAS       ;7;1;-24.1028;0.002985;0.79825;-0.004435
6; FURNAS       ;8;1;0;0;0.817912;-0.001301
7; M. DE MORAES ;1;1;-87.4979;0.047439;0.350402;-0.013396
7; M. DE MORAES ;2;1;-69.2029;0.035579;0.356931;-0.009069
7; M. DE MORAES ;3;1;-64.7983;0.035579;0.352281;-0.01192
7; M. DE MORAES ;4;1;-47.9967;0.02372;0.362113;-0.004999
7; M. DE MORAES ;5;1;-45.9103;0.02372;0.358809;-0.007764
7; M. DE MORAES ;6;1;-24.4786;0.01186;0.365156;-0.001499
7; M. DE MORAES ;7;1;-24.111;0.01186;0.363991;-0.003858
7; M. DE MORAES ;8;1;0;0;0.367034;-0.00057
8; ESTREITO     ;1;0.99774;0;0.244453;0.528626;-0.005298
8; ESTREITO     ;2;0.99774;0;0.203387;0.532469;-0.007239
8; ESTREITO     ;3;0.99774;0;0.057309;0.550694;-0.005131
8; ESTREITO     ;4;0.99774;0;0.014934;0.558624;-0.003098
8; ESTREITO     ;5;0.99774;0;0;0.564213;-0.000782
8; ESTREITO     ;6;0.99774;1.1978;0.264624;0.52611;-0.008979
8; ESTREITO     ;7;0.99774;2.6604;0.297463;0.523037;-0.006896
8; ESTREITO     ;8;0.99774;10.2097;0.353965;0.515106;-0.008513
8; ESTREITO     ;9;0.99774;18.9377;0.375739;0.508994;-0.010125
8; ESTREITO     ;10;0.99774;20.368;0.381092;0.507992;-0.010125
8; ESTREITO     ;11;0.99774;21.2095;0.38739;0.507403;-0.010125
9; JAGUARA      ;1;0.99804;0;0.187693;0.383442;-0.004575
9; JAGUARA      ;2;0.99804;0;0.058679;0.39783;-0.006052
9; JAGUARA      ;3;0.99804;0;0.015711;0.405018;-0.003511
9; JAGUARA      ;4;0.99804;0;0;0.410275;-0.000864
9; JAGUARA      ;5;0.99804;0.8353;0.206256;0.380337;-0.010082
9; JAGUARA      ;6;0.99804;1.414;0.231973;0.378186;-0.00852
9; JAGUARA      ;7;0.99804;5.2811;0.289263;0.370998;-0.011086
9; JAGUARA      ;8;0.99804;11.6228;0.320667;0.363139;-0.013994
9; JAGUARA      ;9;0.99804;33.3207;0;0.363085;-0.013994
10; IGARAPAVA    ;1;1;0;0;0.158249;-0.001466
10; IGARAPAVA    ;2;1;2.4243;0;0.151144;-0.004835
10; IGARAPAVA    ;3;1;7.7419;0;0.143352;-0.007741
10; IGARAPAVA    ;4;1;15.8181;0;0.135463;-0.009785
11; VOLTA GRANDE ;1;0.99854;0;0.03797;0.240125;-0.0024
11; VOLTA GRANDE ;2;0.99854;0;0.015626;0.245303;-0.003134
11; VOLTA GRANDE ;3;0.99854;0;0.006254;0.248561;-0.001879
11; VOLTA GRANDE ;4;0.99854;0;0;0.252908;-0.000512
11; VOLTA GRANDE ;5;0.99854;0.4551;0.041366;0.238945;-0.005459
11; VOLTA GRANDE ;6;0.99854;1.317;0.051015;0.236709;-0.006612
11; VOLTA GRANDE ;7;0.99854;1.6761;0.056373;0.235778;-0.004454
11; VOLTA GRANDE ;8;0.99854;4.1877;0.068869;0.23252;-0.006047
11; VOLTA GRANDE ;9;0.99854;4.4637;0.069326;0.232281;-0.008259
11; VOLTA GRANDE ;10;0.99854;6.1003;0.073397;0.230866;-0.008259
11; VOLTA GRANDE ;11;0.99854;7.1623;0.078681;0.229948;-0.008259
12; P. COLOMBIA  ;1;0.99535;0;0.071615;0.185962;-0.001064
12; P. COLOMBIA  ;2;0.99535;0;0.008318;0.198299;-0.00159
12; P. COLOMBIA  ;3;0.99535;0;0.003827;0.199466;-0.001025
12; P. COLOMBIA  ;4;0.99535;0;0.001186;0.200495;-0.000587
12; P. COLOMBIA  ;5;0.99535;0;0;0.20142;-0.000147
12; P. COLOMBIA  ;6;0.99535;0.2769;0.075173;0.185037;-0.001524
12; P. COLOMBIA  ;7;0.99535;0.7517;0.077206;0.184244;-0.002489
12; P. COLOMBIA  ;8;0.99535;0.8936;0.078017;0.184008;-0.002022
12; P. COLOMBIA  ;9;0.99535;1.0461;0.078307;0.183838;-0.002718
12; P. COLOMBIA  ;10;0.99535;1.3671;0.079223;0.18348;-0.002718
12; P. COLOMBIA  ;11;0.99535;1.9423;0.082508;0.18284;-0.002718
14; CACONDE      ;1;1;-8.0809;0.024273;0.810808;-0.009657
14; CACONDE      ;2;1;-6.5103;0.018205;0.829059;-0.012176
14; CACONDE      ;3;1;-5.4333;0.018205;0.813465;-0.010766
14; CACONDE      ;4;1;-5.0594;0.012136;0.859036;-0.010809
14; CACONDE      ;5;1;-3.8014;0.012136;0.831716;-0.012281
14; CACONDE      ;6;1;-2.8312;0.006068;0.885226;-0.004503
14; CACONDE      ;7;1;-2.2894;0.006068;0.861693;-0.009365
14; CACONDE      ;8;1;0;0;0.887883;-0.001837
15; E. DA CUNHA  ;1;1;0;0;0.765516;-0.004047
15; E. DA CUNHA  ;2;1;1.0287;0;0.736186;-0.012294
15; E. DA CUNHA  ;3;1;3.6926;0;0.698211;-0.014521
15; E. DA CUNHA  ;4;1;6.2236;0;0.674157;-0.010875
16; A.S.OLIVEIRA ;1;1;0;0;0.22457;-0.001378
16; A.S.OLIVEIRA ;2;1;0.3332;0;0.215368;-0.004025
16; A.S.OLIVEIRA ;3;1;0.826;0;0.208564;-0.005861
16; A.S.OLIVEIRA ;4;1;1.3046;0;0.204159;-0.007341
17; MARIMBONDO   ;1;1;-173.0875;0.045433;0.531634;-0.02207
17; MARIMBONDO   ;2;1;-128.1296;0.030288;0.549243;-0.013351
17; MARIMBONDO   ;3;1;-121.0231;0.045433;0.505732;-0.027855
17; MARIMBONDO   ;4;1;-107.7198;0.030288;0.534012;-0.019426
17; MARIMBONDO   ;5;1;-68.554;0.015144;0.562644;-0.004379
17; MARIMBONDO   ;6;1;-61.1688;0.015144;0.551621;-0.010605
17; MARIMBONDO   ;7;1;0;0;0.565022;-0.001702
17; MARIMBONDO   ;8;1;103.7568;0;0.498598;-0.030278
18; A. VERMELHA  ;1;1;-153.6764;0.043407;0.453665;-0.003466
18; A. VERMELHA  ;2;1;-118.5119;0.032555;0.457028;-0.002736
18; A. VERMELHA  ;3;1;-114.4172;0.032555;0.455182;-0.00317
18; A. VERMELHA  ;4;1;-82.3899;0.021703;0.461424;-0.001996
18; A. VERMELHA  ;5;1;-78.1308;0.021703;0.458545;-0.002539
18; A. VERMELHA  ;6;1;-42.6248;0.010852;0.465291;-0.00079
18; A. VERMELHA  ;7;1;-40.887;0.010852;0.462942;-0.001684
18; A. VERMELHA  ;8;1;0;0;0.466809;-0.000324
20; BATALHA      ;1;1;-8.8535;0.00786;0.37027;-0.00655
20; BATALHA      ;2;1;-6.1367;0.00524;0.376481;-0.004329
20; BATALHA      ;3;1;-5.8001;0.00524;0.37211;-0.005918
20; BATALHA      ;4;1;-3.1951;0.00262;0.383067;-0.001614
20; BATALHA      ;5;1;-3.0124;0.00262;0.37832;-0.003552
20; BATALHA      ;6;1;0;0;0.384906;-0.000666
20; BATALHA      ;7;1;6.9066;0.00786;0.233819;-0.007784
20; BATALHA      ;8;1;17.3418;0;0.2283;0
21; SERRA FACAO  ;1;1;-30.5751;0.016644;0.620445;-0.007852
21; SERRA FACAO  ;2;1;-23.4989;0.012483;0.626034;-0.006383
21; SERRA FACAO  ;3;1;-22.9905;0.012483;0.623958;-0.007392
21; SERRA FACAO  ;4;1;-16.2002;0.008322;0.633055;-0.004428
21; SERRA FACAO  ;5;1;-15.6275;0.008322;0.629548;-0.00584
21; SERRA FACAO  ;6;1;-8.4451;0.004161;0.641508;-0.00176
21; SERRA FACAO  ;7;1;-8.0419;0.004161;0.636569;-0.003699
21; SERRA FACAO  ;8;1;0;0;0.645022;-0.000742
24; EMBORCACAO   ;1;1;-189.9434;0.026474;1.104013;-0.014605
24; EMBORCACAO   ;2;1;-145.2553;0.019856;1.113732;-0.011799
24; EMBORCACAO   ;3;1;-143.2294;0.019856;1.111001;-0.01372
24; EMBORCACAO   ;4;1;-99.6873;0.013237;1.126532;-0.008189
24; EMBORCACAO   ;5;1;-96.8131;0.013237;1.120721;-0.010785
24; EMBORCACAO   ;6;1;-51.8987;0.006619;1.143152;-0.003299
24; EMBORCACAO   ;7;1;-49.5169;0.006619;1.13352;-0.00686
24; EMBORCACAO   ;8;1;0;0;1.15014;-0.001401
25; NOVA PONTE   ;1;1;-71.4815;0.017498;0.873742;-0.012112
25; NOVA PONTE   ;2;1;-54.5729;0.013123;0.881402;-0.009857
25; NOVA PONTE   ;3;1;-54.0726;0.013123;0.880213;-0.011309
25; NOVA PONTE   ;4;1;-38.3948;0.008749;0.895494;-0.007013
25; NOVA PONTE   ;5;1;-36.2557;0.008749;0.887873;-0.009111
25; NOVA PONTE   ;6;1;-20.1334;0.004374;0.908834;-0.00264
25; NOVA PONTE   ;7;1;-19.1695;0.004374;0.901966;-0.00584
25; NOVA PONTE   ;8;1;0;0;0.915306;-0.001056
26; MIRANDA      ;1;1;-7.2318;0.086713;0.61205;-0.00368
26; MIRANDA      ;2;1;-5.7229;0.057809;0.618315;-0.003073
26; MIRANDA      ;3;1;-3.8149;0.057809;0.612559;-0.003572
26; MIRANDA      ;4;1;-3.5858;0.028904;0.627056;-0.00138
26; MIRANDA      ;5;1;-3.3847;0.086713;0.604312;-0.003813
26; MIRANDA      ;6;1;-2.2215;0.028904;0.618824;-0.002702
26; MIRANDA      ;7;1;0;0;0.627565;-0.000587
26; MIRANDA      ;8;1;8.3854;0;0.602785;-0.003885
27; CAPIM BRANC1 ;1;1;-0.0867;0.064304;0.507918;-0.001953
27; CAPIM BRANC1 ;2;1;0;0;0.508057;-0.000756
27; CAPIM BRANC1 ;3;1;0.4109;0.128609;0.503011;-0.006067
27; CAPIM BRANC1 ;4;1;0.481;0.064304;0.50315;-0.004799
27; CAPIM BRANC1 ;5;1;2.2683;0.192913;0.494848;-0.009947
27; CAPIM BRANC1 ;6;1;2.3219;0.128609;0.494987;-0.00882
27; CAPIM BRANC1 ;7;1;6.3005;0.257217;0.483317;-0.012664
27; CAPIM BRANC1 ;8;1;6.3376;0.192913;0.483456;-0.01194
28; CAPIM BRANC2 ;1;1;0;0.026685;0.425777;-0.001623
28; CAPIM BRANC2 ;2;1;0;0;0.425989;-0.000825
28; CAPIM BRANC2 ;3;1;1.0187;0.026685;0.417698;-0.002897
28; CAPIM BRANC2 ;4;1;1.0453;0.053371;0.417487;-0.003314
28; CAPIM BRANC2 ;5;1;2.2855;0.053371;0.412569;-0.004042
28; CAPIM BRANC2 ;6;1;2.3387;0.080056;0.412358;-0.004275
28; CAPIM BRANC2 ;7;1;3.6148;0.080056;0.408984;-0.004669
28; CAPIM BRANC2 ;8;1;3.6946;0.106742;0.408773;-0.004789
29; CORUMBA IV   ;1;1;-4.9459;0.010643;0.576298;-0.009264
29; CORUMBA IV   ;2;1;-3.9489;0.007096;0.587429;-0.006561
29; CORUMBA IV   ;3;1;-2.8104;0.007096;0.577274;-0.008607
29; CORUMBA IV   ;4;1;-2.245;0.003548;0.59708;-0.002463
29; CORUMBA IV   ;5;1;-1.7587;0.003548;0.588406;-0.00543
29; CORUMBA IV   ;6;1;0;0;0.598057;-0.001004
29; CORUMBA IV   ;7;1;0.4764;0.010643;0.544054;-0.010114
29; CORUMBA IV   ;8;1;7.8681;0;0.541124;-0.010211
30; CORUMBA I    ;1;1;-63.1263;0.066816;0.672052;-0.009677
30; CORUMBA I    ;2;1;-43.3444;0.044544;0.681768;-0.006531
30; CORUMBA I    ;3;1;-41.2667;0.044544;0.674553;-0.00876
30; CORUMBA I    ;4;1;-22.5799;0.022272;0.694375;-0.002582
30; CORUMBA I    ;5;1;-21.1247;0.022272;0.684269;-0.005434
30; CORUMBA I    ;6;1;-12.9796;0.066816;0.555972;-0.011636
30; CORUMBA I    ;7;1;0;0;0.696876;-0.001092
30; CORUMBA I    ;8;1;59.0821;0;0.548469;-0.01246
31; ITUMBIARA    ;1;1;-237.5086;0.032303;0.672296;-0.018065
31; ITUMBIARA    ;2;1;-174.6912;0.032303;0.644925;-0.021647
31; ITUMBIARA    ;3;1;-170.1798;0.021535;0.689994;-0.012472
31; ITUMBIARA    ;4;1;-148.4655;0.021535;0.675802;-0.016434
31; ITUMBIARA    ;5;1;-94.4071;0.010768;0.714353;-0.004856
31; ITUMBIARA    ;6;1;-78.4547;0.010768;0.6935;-0.010454
31; ITUMBIARA    ;7;1;0;0;0.717859;-0.001977
31; ITUMBIARA    ;8;1;140.7145;0;0.634407;-0.023158
32; CACH.DOURADA ;1;1;0;0;0.273173;-0.002037
32; CACH.DOURADA ;2;1;5.8559;0;0.263554;-0.007341
32; CACH.DOURADA ;3;1;21.0801;0;0.251051;-0.011898
32; CACH.DOURADA ;4;1;41.3767;0;0.239938;-0.015415
33; SAO SIMAO    ;1;1;-151.2042;0.029783;0.650729;-0.005761
33; SAO SIMAO    ;2;1;-102.9965;0.019855;0.653603;-0.003048
33; SAO SIMAO    ;3;1;-101.3856;0.019855;0.652388;-0.004871
33; SAO SIMAO    ;4;1;-89.4527;0.029783;0.619682;-0.007912
33; SAO SIMAO    ;5;1;-54.8236;0.010463;0.655172;-0.001528
33; SAO SIMAO    ;6;1;-49.2136;0.009392;0.655262;-0.001745
33; SAO SIMAO    ;7;1;0;0;0.656831;-0.000327
33; SAO SIMAO    ;8;1;79.803;0;0.614705;-0.008898
34; I. SOLTEIRA  ;1;1;-195.3488;0.050017;0.386761;-0.008948
34; I. SOLTEIRA  ;2;1;-147.206;0.033345;0.394808;-0.005923
34; I. SOLTEIRA  ;3;1;-114.4237;0.033345;0.38757;-0.008043
34; I. SOLTEIRA  ;4;1;-84.5911;0.016672;0.404511;-0.002177
34; I. SOLTEIRA  ;5;1;-64.4478;0.016672;0.395617;-0.00488
34; I. SOLTEIRA  ;6;1;0;0;0.40532;-0.000866
34; I. SOLTEIRA  ;7;1;159.3415;0.050017;0.334559;-0.011013
34; I. SOLTEIRA  ;8;1;435.1103;0;0.332131;-0.011886
37; BARRA BONITA ;1;1;-42.9281;0.019221;0.19559;-0.008275
37; BARRA BONITA ;2;1;-29.7915;0.012814;0.201139;-0.004788
37; BARRA BONITA ;3;1;-28.3847;0.012814;0.197357;-0.007198
37; BARRA BONITA ;4;1;-20.6273;0.019221;0.155624;-0.010635
37; BARRA BONITA ;5;1;-15.201;0.006407;0.204421;-0.001493
37; BARRA BONITA ;6;1;-14.9193;0.006407;0.202907;-0.003743
37; BARRA BONITA ;7;1;0;0;0.206189;-0.000574
37; BARRA BONITA ;8;1;28.9213;0;0.150321;-0.011611
38; A.S. LIMA    ;1;0.99946;0;0.031412;0.182999;-0.002351
38; A.S. LIMA    ;2;0.99946;0;0.023231;0.184246;-0.002373
38; A.S. LIMA    ;3;0.99946;0;0;0.191332;-0.00066
38; A.S. LIMA    ;4;0.99946;1.0791;0.04973;0.177412;-0.003966
38; A.S. LIMA    ;5;0.99946;1.3685;0.059557;0.175913;-0.003907
38; A.S. LIMA    ;6;0.99946;2.4129;0.068421;0.17321;-0.004589
38; A.S. LIMA    ;7;0.99946;4.0087;0.09551;0.169079;-0.004568
38; A.S. LIMA    ;8;0.99946;5.9885;0.106712;0.165662;-0.004739
38; A.S. LIMA    ;9;0.99946;6.216;0.108429;0.16527;-0.004732
38; A.S. LIMA    ;10;0.99946;6.3677;0.110145;0.165008;-0.004732
38; A.S. LIMA    ;11;0.99946;6.4435;0.111861;0.164877;-0.004732
39; IBITINGA     ;1;0.99826;0;0.000055;0.167014;-0.000032
39; IBITINGA     ;2;0.99826;0.0018;0.055334;0.162809;-0.000121
40; PROMISSAO    ;1;1;-31.1144;0.016972;0.218726;-0.003949
40; PROMISSAO    ;2;1;-21.9635;0.011315;0.222182;-0.002416
40; PROMISSAO    ;3;1;-20.2447;0.011315;0.219482;-0.003497
40; PROMISSAO    ;4;1;-11.3513;0.005657;0.224503;-0.000784
40; PROMISSAO    ;5;1;-10.8529;0.005657;0.222938;-0.001917
40; PROMISSAO    ;6;1;0;0;0.22526;-0.000303
40; PROMISSAO    ;7;1;21.2845;0.016972;0.163861;-0.004877
40; PROMISSAO    ;8;1;58.2277;0;0.161592;0
42; NAVANHANDAVA ;1;0.99653;0;0.04892;0.25535;-0.002219
42; NAVANHANDAVA ;2;0.99653;0;0.011798;0.26692;-0.003294
42; NAVANHANDAVA ;3;0.99653;0;0.004856;0.269805;-0.002136
42; NAVANHANDAVA ;4;0.99653;0;0.001112;0.272139;-0.001198
42; NAVANHANDAVA ;5;0.99653;0;0;0.273525;-0.000282
42; NAVANHANDAVA ;6;0.99653;0.4426;0.052256;0.253964;-0.003163
42; NAVANHANDAVA ;7;0.99653;1.7475;0.055534;0.25192;-0.004961
42; NAVANHANDAVA ;8;0.99653;1.9326;0.056155;0.25163;-0.004123
42; NAVANHANDAVA ;9;0.99653;3.0364;0.057387;0.250478;-0.005353
42; NAVANHANDAVA ;10;0.99653;4.1425;0.05924;0.249323;-0.005353
42; NAVANHANDAVA ;11;0.99653;4.6956;0.061093;0.248746;-0.005353
43; TRES IRMAOS  ;1;1;-48.4976;0.018144;0.404009;-0.007843
43; TRES IRMAOS  ;2;1;-35.7128;0.012096;0.410115;-0.004761
43; TRES IRMAOS  ;3;1;-30.3163;0.012096;0.404827;-0.006924
43; TRES IRMAOS  ;4;1;-19.0157;0.006048;0.41466;-0.001566
43; TRES IRMAOS  ;5;1;-17.1143;0.006048;0.410933;-0.003778
43; TRES IRMAOS  ;6;1;0;0;0.415478;-0.000614
43; TRES IRMAOS  ;7;1;28.0567;0.018144;0.353991;-0.009729
43; TRES IRMAOS  ;8;1;90.1102;0;0.351538;-0.010448
45; JUPIA        ;1;0.99682;0;0.111106;0.162695;-0.007393
45; JUPIA        ;2;0.99682;0;0.071971;0.168482;-0.009718
45; JUPIA        ;3;0.99682;0;0.020296;0.179944;-0.005707
45; JUPIA        ;4;0.99682;0;0;0.188948;-0.001435
45; JUPIA        ;5;0.99682;13.0087;0.139894;0.156309;-0.016166
45; JUPIA        ;6;0.99682;18.3423;0.157599;0.153691;-0.013862
45; JUPIA        ;7;0.99682;65.0441;0.209274;0.142228;-0.017838
45; JUPIA        ;8;0.99682;95.6582;0.220566;0.137219;-0.022482
45; JUPIA        ;9;0.99682;115.497;0.230322;0.133973;-0.022081
45; JUPIA        ;10;0.99682;130.6437;0.241495;0.131494;-0.022081
45; JUPIA        ;11;0.99682;139.4379;0.25447;0.130055;-0.022081
46; P. PRIMAVERA ;1;1;0;0.009804;0.183659;-0.003883
46; P. PRIMAVERA ;2;1;0;0;0.186331;-0.001839
46; P. PRIMAVERA ;3;1;26.7568;0.009804;0.171828;-0.007849
46; P. PRIMAVERA ;4;1;32.7176;0.019498;0.169186;-0.009613
46; P. PRIMAVERA ;5;1;32.7707;0.019645;0.169162;-0.009666
46; P. PRIMAVERA ;6;1;80.6257;0.019572;0.158587;-0.013118
46; P. PRIMAVERA ;7;1;80.6939;0.019719;0.158564;-0.013165
46; P. PRIMAVERA ;8;1;92.4679;0.029247;0.155961;-0.014816
46; P. PRIMAVERA ;9;1;92.5701;0.029357;0.155938;-0.014604
46; P. PRIMAVERA ;10;1;92.6553;0.029523;0.155919;-0.01458
46; P. PRIMAVERA ;11;1;155.9047;0.029302;0.146607;-0.0175
46; P. PRIMAVERA ;12;1;155.9729;0.029468;0.146588;-0.017396
46; P. PRIMAVERA ;13;1;156.1092;0.029578;0.146566;-0.017344
46; P. PRIMAVERA ;14;1;173.5657;0.038996;0.143993;-0.018843
46; P. PRIMAVERA ;15;1;173.7702;0.039143;0.143963;-0.018628
46; P. PRIMAVERA ;16;1;173.9406;0.039364;0.143938;-0.018584
47; A.A. LAYDNER ;1;1;-9.3378;0.006099;0.276792;-0.005995
47; A.A. LAYDNER ;2;1;-7.2436;0.006099;0.269074;-0.007533
47; A.A. LAYDNER ;3;1;-6.6789;0.004066;0.282087;-0.003805
47; A.A. LAYDNER ;4;1;-5.9785;0.004066;0.278215;-0.005325
47; A.A. LAYDNER ;5;1;-3.6167;0.002033;0.288217;-0.00139
47; A.A. LAYDNER ;6;1;-3.1909;0.002033;0.283509;-0.003101
47; A.A. LAYDNER ;7;1;0;0;0.289639;-0.000568
47; A.A. LAYDNER ;8;1;5.1506;0;0.264806;-0.008226
48; PIRAJU       ;1;1;0;0;0.239396;-0.001621
48; PIRAJU       ;2;1;1.0046;0;0.227811;-0.004394
48; PIRAJU       ;3;1;2.3638;0;0.219974;-0.005907
48; PIRAJU       ;4;1;3.6389;0;0.215072;-0.006868
49; CHAVANTES    ;1;1;-12.7222;0.016048;0.580501;-0.011351
49; CHAVANTES    ;2;1;-11.1523;0.012036;0.587668;-0.008612
49; CHAVANTES    ;3;1;-8.7321;0.008024;0.595681;-0.005455
49; CHAVANTES    ;4;1;-8.5446;0.012036;0.582072;-0.010465
49; CHAVANTES    ;5;1;-6.7307;0.008024;0.589239;-0.007682
49; CHAVANTES    ;6;1;-4.9096;0.004012;0.60268;-0.001891
49; CHAVANTES    ;7;1;-4.0665;0.004012;0.597252;-0.004402
49; CHAVANTES    ;8;1;0;0;0.604251;-0.000749
50; L.N. GARCEZ  ;1;1;0;0;0.153551;-0.00075
50; L.N. GARCEZ  ;2;1;0.3653;0;0.150614;-0.002826
50; L.N. GARCEZ  ;3;1;1.3597;0;0.146617;-0.004948
50; L.N. GARCEZ  ;4;1;2.9997;0;0.142222;-0.006979
51; CANOAS II    ;1;1;0;0;0.131286;-0.00046
51; CANOAS II    ;2;1;0.1795;0;0.129963;-0.001779
51; CANOAS II    ;3;1;0.7921;0;0.127707;-0.003228
51; CANOAS II    ;4;1;2.5583;0;0.123369;-0.004411
52; CANOAS I     ;1;1;0;0;0.158555;-0.001388
52; CANOAS I     ;2;1;1.6086;0;0.146939;-0.002727
52; CANOAS I     ;3;1;2.1271;0;0.145067;-0.00333
52; CANOAS I     ;4;1;2.4305;0;0.144337;-0.004172
53; PARANAPANEMA ;1;1;0;0;0.130411;-0.000805
53; PARANAPANEMA ;2;1;0.1428;0;0.127868;-0.003131
53; PARANAPANEMA ;3;1;0.6302;0;0.123529;-0.005556
53; PARANAPANEMA ;4;1;1.5267;0;0.118208;-0.007769
57; MAUA         ;1;1;-1.4621;0.021985;1.00901;0
57; MAUA         ;2;1;-1.4431;0.032978;1.00259;0
57; MAUA         ;3;1;-1.0847;0.043971;0.996933;0
57; MAUA         ;4;1;-1.0365;0.010993;1.016443;0
57; MAUA         ;5;1;-0.6986;0.021985;1.004366;0
57; MAUA         ;6;1;-0.5716;0.010993;1.010786;0
57; MAUA         ;7;1;-0.4861;0.032978;0.998709;0
57; MAUA         ;8;1;0;0;1.018219;0
61; CAPIVARA     ;1;1;-81.1866;0.026489;0.362181;-0.011613
61; CAPIVARA     ;2;1;-64.8013;0.019867;0.369064;-0.008561
61; CAPIVARA     ;3;1;-59.2354;0.019867;0.364177;-0.010609
61; CAPIVARA     ;4;1;-45.9213;0.013244;0.376103;-0.005283
61; CAPIVARA     ;5;1;-42.092;0.013244;0.371061;-0.007566
61; CAPIVARA     ;6;1;-24.2255;0.006622;0.382766;-0.001834
61; CAPIVARA     ;7;1;-22.4539;0.006622;0.3781;-0.004246
61; CAPIVARA     ;8;1;0;0;0.384763;-0.000737
62; TAQUARUCU    ;1;0.99865;0;0.101865;0.211339;-0.004476
62; TAQUARUCU    ;2;0.99865;0;0.056922;0.216464;-0.004517
62; TAQUARUCU    ;3;0.99865;0;0;0.229446;-0.001291
62; TAQUARUCU    ;4;0.99865;2.821;0.122287;0.206681;-0.007917
62; TAQUARUCU    ;5;0.99865;7.4808;0.189758;0.198987;-0.009569
62; TAQUARUCU    ;6;0.99865;7.8626;0.19805;0.198357;-0.008642
62; TAQUARUCU    ;7;0.99865;19.7125;0.283838;0.188574;-0.01022
62; TAQUARUCU    ;8;0.99865;26.122;0.299305;0.185047;-0.011864
62; TAQUARUCU    ;9;0.99865;29.6092;0.310525;0.183127;-0.011734
62; TAQUARUCU    ;10;0.99865;32.2162;0.323108;0.181693;-0.011734
62; TAQUARUCU    ;11;0.99865;33.6921;0.337354;0.18088;-0.011734
63; ROSANA       ;1;0.99934;0;0.030618;0.18099;-0.005679
63; ROSANA       ;2;0.99934;0;0.013807;0.187878;-0.005741
63; ROSANA       ;3;0.99934;0;0;0.199193;-0.00146
63; ROSANA       ;4;0.99934;3.1968;0.038462;0.174562;-0.011443
63; ROSANA       ;5;0.99934;5.6271;0.050388;0.169675;-0.011152
63; ROSANA       ;6;0.99934;15.8156;0.062887;0.159432;-0.015854
63; ROSANA       ;7;0.99934;18.8723;0.072887;0.156359;-0.015529
63; ROSANA       ;8;0.99934;31.9882;0.08719;0.147568;-0.018676
63; ROSANA       ;9;0.99934;33.8285;0.090201;0.146335;-0.018676
63; ROSANA       ;10;0.99934;34.851;0.093545;0.14565;-0.018676
63; ROSANA       ;11;0.99934;48.0726;0.017661;0.150167;-0.018676
66; ITAIPU       ;1;1;0;0.02321;1.088629;-0.011197
66; ITAIPU       ;2;1;0;0;1.08875;-0.004364
66; ITAIPU       ;3;1;77.9189;0.02321;1.064846;-0.028026
66; ITAIPU       ;4;1;78.3155;0.046421;1.064725;-0.035726
66; ITAIPU       ;5;1;347.9601;0.046421;1.023573;-0.052846
66; ITAIPU       ;6;1;348.7533;0.069631;1.023452;-0.060219
66; ITAIPU       ;7;1;908.488;0.069631;0.966503;-0.076093
66; ITAIPU       ;8;1;909.6778;0.092842;0.966382;-0.082678
71; STA CLARA PR ;1;1;-8.2134;0.096466;0.76127;-0.004386
71; STA CLARA PR ;2;1;-6.3234;0.072349;0.764562;-0.003869
71; STA CLARA PR ;3;1;-4.3326;0.048233;0.768171;-0.003006
71; STA CLARA PR ;4;1;-2.2664;0.024116;0.7731;-0.001012
71; STA CLARA PR ;5;1;-2.2167;0.024116;0.771798;-0.00217
71; STA CLARA PR ;6;1;0;0;0.77641;-0.000425
72; FUNDAO       ;1;1;0;0;0.878296;-0.003132
72; FUNDAO       ;2;1;0.362;0;0.868256;-0.011638
72; FUNDAO       ;3;1;1.6433;0;0.850484;-0.018987
72; FUNDAO       ;4;1;13.9992;0;0.73624;-0.023068
74; G.B. MUNHOZ  ;1;1;-101.2352;0.149195;0.930843;-0.016888
74; G.B. MUNHOZ  ;2;1;-88.5543;0.124305;0.937024;-0.012235
74; G.B. MUNHOZ  ;3;1;-72.1322;0.099487;0.940105;-0.012623
74; G.B. MUNHOZ  ;4;1;-69.6823;0.095303;0.941144;-0.007135
74; G.B. MUNHOZ  ;5;1;-58.0715;0.07871;0.943204;-0.00425
74; G.B. MUNHOZ  ;6;1;-30.6052;0.041482;0.946286;-0.006156
74; G.B. MUNHOZ  ;7;1;-6.121;0.008296;0.950406;-0.003397
74; G.B. MUNHOZ  ;8;1;0;0;0.952466;-0.000651
76; SEGREDO      ;1;1;-3.1114;0.038222;0.969988;-0.005917
76; SEGREDO      ;2;1;0;0;0.970921;-0.00241
76; SEGREDO      ;3;1;0.9107;0.076445;0.947562;-0.016726
76; SEGREDO      ;4;1;3.7255;0.038222;0.948494;-0.01348
76; SEGREDO      ;5;1;11.1655;0.114667;0.926551;-0.027082
76; SEGREDO      ;6;1;13.6837;0.076445;0.927483;-0.023921
76; SEGREDO      ;7;1;27.3239;0.15289;0.906357;-0.036769
76; SEGREDO      ;8;1;29.5455;0.114667;0.90729;-0.033589
77; SLT.SANTIAGO ;1;1;-89.5425;0.084309;0.803789;-0.017622
77; SLT.SANTIAGO ;2;1;-72.629;0.063232;0.813453;-0.012634
77; SLT.SANTIAGO ;3;1;-67.2976;0.063232;0.808562;-0.01595
77; SLT.SANTIAGO ;4;1;-51.984;0.042155;0.822813;-0.007542
77; SLT.SANTIAGO ;5;1;-48.6503;0.042155;0.818225;-0.011059
77; SLT.SANTIAGO ;6;1;-27.4464;0.021077;0.830819;-0.002515
77; SLT.SANTIAGO ;7;1;-26.2715;0.021077;0.827585;-0.005992
77; SLT.SANTIAGO ;8;1;0;0;0.835591;-0.000996
78; SALTO OSORIO ;1;0.99507;0;0.211036;0.530847;-0.008372
78; SALTO OSORIO ;2;0.99507;0;0.088932;0.556743;-0.01009
78; SALTO OSORIO ;3;0.99507;0;0.057306;0.565686;-0.008195
78; SALTO OSORIO ;4;0.99507;0;0.021477;0.580884;-0.005633
78; SALTO OSORIO ;5;0.99507;0;0;0.599104;-0.001672
78; SALTO OSORIO ;6;0.99507;8.6482;0.275468;0.512628;-0.009927
78; SALTO OSORIO ;7;0.99507;12.227;0.284356;0.508858;-0.011524
78; SALTO OSORIO ;8;0.99507;22.2328;0.317487;0.498318;-0.011457
78; SALTO OSORIO ;9;0.99507;23.0756;0.321673;0.49743;-0.010917
78; SALTO OSORIO ;10;0.99507;31.6513;0.335871;0.491408;-0.011776
78; SALTO OSORIO ;11;0.99507;35.8102;0.349642;0.488487;-0.011776
82; SALTO CAXIAS ;1;0.99921;0;0.064094;0.552812;-0.00369
82; SALTO CAXIAS ;2;0.99921;0;0.042001;0.556537;-0.004666
82; SALTO CAXIAS ;3;0.99921;0;0.011839;0.564165;-0.002913
82; SALTO CAXIAS ;4;0.99921;0;0;0.570153;-0.000762
82; SALTO CAXIAS ;5;0.99921;1.7915;0.077231;0.54949;-0.006808
82; SALTO CAXIAS ;6;0.99921;3.2292;0.093043;0.546824;-0.006139
82; SALTO CAXIAS ;7;0.99921;11.4561;0.123205;0.539196;-0.007227
82; SALTO CAXIAS ;8;0.99921;21.899;0.135967;0.532741;-0.008099
82; SALTO CAXIAS ;9;0.99921;22.0962;0.136288;0.532619;-0.008039
82; SALTO CAXIAS ;10;0.99921;22.3189;0.136832;0.532481;-0.008039
82; SALTO CAXIAS ;11;0.99921;22.857;0.139463;0.532149;-0.008039
83; BAIXO IGUACU ;1;0.9993;0;0.175922;0.143886;-0.002359
83; BAIXO IGUACU ;2;0.9993;0;0.168832;0.143983;-0.002606
83; BAIXO IGUACU ;3;0.9993;0;0.162795;0.144148;-0.002606
83; BAIXO IGUACU ;4;0.9993;0;0.157813;0.144352;-0.002606
83; BAIXO IGUACU ;5;0.9993;0;0;0.152984;-0.00122
83; BAIXO IGUACU ;6;0.9993;2.4512;0.168832;0.139947;-0.004683
83; BAIXO IGUACU ;7;0.9993;2.4512;0.162795;0.140112;-0.004501
83; BAIXO IGUACU ;8;0.9993;2.534;0.157813;0.14018;-0.004683
83; BAIXO IGUACU ;9;0.9993;2.569;0.175922;0.139656;-0.004683
83; BAIXO IGUACU ;10;0.9993;6.3577;0.289972;0.133418;-0.00639
83; BAIXO IGUACU ;11;0.9993;7.7765;0.375389;0.131082;-0.006261
83; BAIXO IGUACU ;12;0.9993;9.9981;0.408827;0.129253;-0.00846
83; BAIXO IGUACU ;13;0.9993;15.9906;0.589215;0.12432;-0.008342
83; BAIXO IGUACU ;14;0.9993;20.18;0.631251;0.122021;-0.009914
83; BAIXO IGUACU ;15;0.9993;21.6696;0.651181;0.121203;-0.009778
83; BAIXO IGUACU ;16;0.9993;22.8728;0.675326;0.120543;-0.009778
83; BAIXO IGUACU ;17;0.9993;23.5794;0.703687;0.120155;-0.009778
86; BARRA GRANDE ;1;1;-42.1534;0.06619;1.312653;-0.006075
86; BARRA GRANDE ;2;1;-36.3481;0.055924;1.316285;-0.005313
86; BARRA GRANDE ;3;1;-28.1418;0.043361;1.318507;-0.005381
86; BARRA GRANDE ;4;1;-21.8847;0.033095;1.322134;-0.004329
86; BARRA GRANDE ;5;1;-11.5344;0.016548;1.331688;-0.001699
86; BARRA GRANDE ;6;1;-11.0753;0.016548;1.327984;-0.003318
86; BARRA GRANDE ;7;1;0;0;1.337542;-0.000749
87; CANASTRA     ;1;1;0;0;2.808197;0
88; SAO ROQUE    ;1;1;-7.6991;0.099961;0.371497;-0.004467
88; SAO ROQUE    ;2;1;-6.0579;0.07497;0.37455;-0.003893
88; SAO ROQUE    ;3;1;-4.329;0.04998;0.37852;-0.002506
88; SAO ROQUE    ;4;1;-4.1873;0.04998;0.377603;-0.003353
88; SAO ROQUE    ;5;1;-2.3489;0.02499;0.383293;-0.000992
88; SAO ROQUE    ;6;1;-2.2094;0.02499;0.381488;-0.00209
88; SAO ROQUE    ;7;1;0;0;0.386262;-0.000418
89; GARIBALDI    ;1;1;-1.7062;0.088309;0.362562;-0.003607
89; GARIBALDI    ;2;1;-1.3708;0.044154;0.370579;-0.001467
89; GARIBALDI    ;3;1;-0.864;0.132463;0.353995;-0.004377
89; GARIBALDI    ;4;1;-0.4506;0.176618;0.34939;-0.004299
89; GARIBALDI    ;5;1;-0.3919;0.044154;0.363;-0.003092
89; GARIBALDI    ;6;1;0;0;0.371016;-0.000596
89; GARIBALDI    ;7;1;0.3938;0.088309;0.354433;-0.004274
89; GARIBALDI    ;8;1;0.7507;0.132463;0.349828;-0.004353
90; CAMPOS NOVOS ;1;1;-2.3327;0.039475;1.618768;-0.003121
90; CAMPOS NOVOS ;2;1;-2.0881;0.078949;1.599825;-0.006541
90; CAMPOS NOVOS ;3;1;-1.1571;0.118424;1.587831;-0.007812
90; CAMPOS NOVOS ;4;1;-0.8166;0.157899;1.581282;-0.008259
90; CAMPOS NOVOS ;5;1;0;0;1.619679;-0.001389
90; CAMPOS NOVOS ;6;1;0.1207;0.039475;1.600736;-0.005787
90; CAMPOS NOVOS ;7;1;0.9278;0.078949;1.588742;-0.007568
90; CAMPOS NOVOS ;8;1;1.1443;0.118424;1.582193;-0.008119
91; MACHADINHO   ;1;1;-16.0086;0.170054;0.788106;-0.012422
91; MACHADINHO   ;2;1;-15.7029;0.12754;0.798364;-0.010805
91; MACHADINHO   ;3;1;-14.3792;0.085027;0.812114;-0.00794
91; MACHADINHO   ;4;1;-9.8681;0.042513;0.829354;-0.003308
91; MACHADINHO   ;5;1;-8.8367;0.12754;0.790998;-0.011978
91; MACHADINHO   ;6;1;-7.6322;0.085027;0.801257;-0.010076
91; MACHADINHO   ;7;1;-5.4099;0.042513;0.815006;-0.006737
91; MACHADINHO   ;8;1;0;0;0.832247;-0.001413
92; ITA          ;1;0.99772;0;0.083295;0.874459;-0.00512
92; ITA          ;2;0.99772;0;0.059554;0.883407;-0.009021
92; ITA          ;3;0.99772;0;0.052685;0.886859;-0.0083
92; ITA          ;4;0.99772;0;0.010224;0.915311;-0.005687
92; ITA          ;5;0.99772;0;0.002559;0.923015;-0.003342
92; ITA          ;6;0.99772;0;0;0.92816;-0.000823
92; ITA          ;7;0.99772;2.042;0.093532;0.869314;-0.007859
92; ITA          ;8;0.99772;8.1573;0.103752;0.86161;-0.009992
92; ITA          ;9;0.99772;8.9629;0.104201;0.860933;-0.012265
92; ITA          ;10;0.99772;14.7979;0.109076;0.856033;-0.012265
92; ITA          ;11;0.99772;17.9462;0.114338;0.853388;-0.012265
93; PASSO FUNDO  ;1;1;-4.2432;0.005599;2.213069;-0.004568
93; PASSO FUNDO  ;2;1;-2.919;0.003733;2.216615;-0.002794
93; PASSO FUNDO  ;3;1;-2.8421;0.003733;2.215114;-0.004022
93; PASSO FUNDO  ;4;1;-1.5059;0.001866;2.220238;-0.000979
93; PASSO FUNDO  ;5;1;-1.4655;0.001866;2.218661;-0.002246
93; PASSO FUNDO  ;6;1;-1.0497;0.005599;2.171519;-0.005792
93; PASSO FUNDO  ;7;1;0;0;2.222283;-0.000397
93; PASSO FUNDO  ;8;1;4.0968;0;2.165382;-0.00632
94; MONJOLINHO   ;1;1;0;0;0.543149;-0.000471
94; MONJOLINHO   ;2;1;0.0625;0;0.541325;-0.001786
94; MONJOLINHO   ;3;1;0.2517;0;0.538563;-0.00305
94; MONJOLINHO   ;4;1;0.554;0;0.535623;-0.004107
95; QUEBRA QUEIX ;1;1;-1.2952;0.205831;1.014328;-0.003029
95; QUEBRA QUEIX ;2;1;-1.0375;0.154373;1.016392;-0.002513
95; QUEBRA QUEIX ;3;1;-0.9373;0.154373;1.015246;-0.002864
95; QUEBRA QUEIX ;4;1;-0.7776;0.102915;1.019451;-0.001778
95; QUEBRA QUEIX ;5;1;-0.6528;0.102915;1.01731;-0.002318
95; QUEBRA QUEIX ;6;1;-0.4382;0.051458;1.022837;-0.000701
95; QUEBRA QUEIX ;7;1;-0.3662;0.051458;1.020369;-0.001488
95; QUEBRA QUEIX ;8;1;0;0;1.023755;-0.000292
97; CASTRO ALVES ;1;0.99991;0.0149;0;0.766069;-0.00092
98; MONTE CLARO  ;1;1;0;0;0.361761;-0.001445
98; MONTE CLARO  ;2;1;0.7298;0;0.353809;-0.00467
98; MONTE CLARO  ;3;1;2.0234;0;0.346761;-0.007407
98; MONTE CLARO  ;4;1;3.7435;0;0.340514;-0.009735
99; 14 DE JULHO  ;1;1;0;0;0.31184;-0.00165
99; 14 DE JULHO  ;2;1;0.7806;0;0.302423;-0.005201
99; 14 DE JULHO  ;3;1;2.1334;0;0.294262;-0.007999
99; 14 DE JULHO  ;4;1;3.8737;0;0.287263;-0.010126
101; SAO JOSE     ;1;1;0;0;0.193313;-0.000668
101; SAO JOSE     ;2;1;0.4033;0;0.187373;-0.001512
101; SAO JOSE     ;3;1;0.8032;0;0.184428;-0.001693
101; SAO JOSE     ;4;1;0.9515;0;0.1837;-0.00178
102; PASSO S JOAO ;1;1;0;0;0.262657;-0.00107
102; PASSO S JOAO ;2;1;0.4387;0;0.256856;-0.003493
102; PASSO S JOAO ;3;1;1.2208;0;0.251685;-0.005617
102; PASSO S JOAO ;4;1;2.2878;0;0.246982;-0.007513
103; FOZ CHAPECO  ;1;1;0;0.056661;0.454422;-0.002894
103; FOZ CHAPECO  ;2;1;0;0;0.463292;-0.001297
103; FOZ CHAPECO  ;3;1;0.8161;0.056661;0.452703;-0.006065
103; FOZ CHAPECO  ;4;1;5.026;0.113321;0.443832;-0.007497
103; FOZ CHAPECO  ;5;1;5.9488;0.113321;0.44286;-0.010272
103; FOZ CHAPECO  ;6;1;14.3686;0.169982;0.43399;-0.011538
103; FOZ CHAPECO  ;7;1;14.73;0.169982;0.433736;-0.014005
103; FOZ CHAPECO  ;8;1;27.3597;0.226643;0.424866;-0.015137
111; PASSO REAL   ;1;1;-31.4549;0.019639;0.334473;-0.001583
111; PASSO REAL   ;2;1;-22.8722;0.019639;0.31033;-0.001039
111; PASSO REAL   ;3;1;-21.5874;0.013093;0.340342;-0.001994
111; PASSO REAL   ;4;1;-21.0754;0.013093;0.338182;-0.001809
111; PASSO REAL   ;5;1;-11.2585;0.006546;0.348188;-0.001009
111; PASSO REAL   ;6;1;-10.7684;0.006546;0.344052;-0.001863
111; PASSO REAL   ;7;1;0;0;0.351897;-0.000424
111; PASSO REAL   ;8;1;16.1778;0;0.299203;-0.00088
112; JACUI        ;1;0.99816;0;1.064574;0.745848;-0.003347
112; JACUI        ;2;0.99816;0;0.561703;0.759186;-0.005328
112; JACUI        ;3;0.99816;0;0.403615;0.770368;-0.004625
112; JACUI        ;4;0.99816;0;0.31048;0.78025;-0.004913
112; JACUI        ;5;0.99816;0;0.03581;0.819107;-0.003934
112; JACUI        ;6;0.99816;0;0.012286;0.824099;-0.002427
112; JACUI        ;7;0.99816;0;0;0.829313;-0.000661
112; JACUI        ;8;0.99816;0.2996;1.212001;0.740634;-0.005066
112; JACUI        ;9;0.99816;0.8734;1.3061;0.735642;-0.006699
112; JACUI        ;10;0.99816;1.6962;1.351078;0.73087;-0.008249
112; JACUI        ;11;0.99816;4.8197;0.403615;0.742413;-0.007555
112; JACUI        ;12;0.99816;8.4707;0.337085;0.728295;-0.008249
112; JACUI        ;13;0.99816;9.4441;0.31048;0.725473;-0.007555
112; JACUI        ;14;0.99816;28.3756;0;0.659589;-0.008249
113; ITAUBA       ;1;0.99053;0;0.401412;0.661054;-0.00333
113; ITAUBA       ;2;0.99053;0;0.035563;0.757738;-0.003744
113; ITAUBA       ;3;0.99053;0;0.022609;0.762303;-0.003277
113; ITAUBA       ;4;0.99053;0;0.009146;0.769419;-0.002399
113; ITAUBA       ;5;0.99053;0;0;0.779087;-0.000776
113; ITAUBA       ;6;0.99053;0.3832;0.408678;0.658493;-0.003771
113; ITAUBA       ;7;0.99053;1.2536;0.430686;0.652677;-0.003791
113; ITAUBA       ;8;0.99053;1.4469;0.438016;0.651386;-0.003675
113; ITAUBA       ;9;0.99053;2.9794;0.457391;0.646265;-0.003708
113; ITAUBA       ;10;0.99053;3.5768;0.472495;0.644269;-0.003798
113; ITAUBA       ;11;0.99053;5.626;0.489766;0.639705;-0.003598
114; D. FRANCISCA ;1;0.99499;0;0.148624;0.31535;-0.002669
114; D. FRANCISCA ;2;0.99499;0;0.026932;0.336543;-0.003748
114; D. FRANCISCA ;3;0.99499;0;0.013509;0.33966;-0.002583
114; D. FRANCISCA ;4;0.99499;0;0.004515;0.342792;-0.001566
114; D. FRANCISCA ;5;0.99499;0;0;0.345938;-0.000418
114; D. FRANCISCA ;6;0.99499;0.2825;0.162169;0.312204;-0.003619
114; D. FRANCISCA ;7;0.99499;0.6709;0.168377;0.310042;-0.00535
114; D. FRANCISCA ;8;0.99499;0.8451;0.172091;0.309072;-0.004551
114; D. FRANCISCA ;9;0.99499;0.9736;0.173004;0.308595;-0.005722
114; D. FRANCISCA ;10;0.99499;1.437;0.177942;0.306875;-0.005722
114; D. FRANCISCA ;11;0.99499;1.6848;0.183225;0.305955;-0.005722
115; G.P. SOUZA   ;1;1;-3.0845;0.046079;6.318415;0
115; G.P. SOUZA   ;2;1;0;0;6.322009;0
119; HENRY BORDEN ;1;1;0;0;5.676242;-0.00086
119; HENRY BORDEN ;2;1;0.2417;0;5.670064;-0.002045
119; HENRY BORDEN ;3;1;0.4339;0;5.667608;-0.002752
119; HENRY BORDEN ;4;1;0.7172;0;5.665194;-0.002959
120; JAGUARI      ;1;1;-3.4664;0.008097;0.49667;-0.010041
120; JAGUARI      ;2;1;-2.4209;0.005398;0.503826;-0.005948
120; JAGUARI      ;3;1;-2.3043;0.005398;0.499701;-0.008798
120; JAGUARI      ;4;1;-1.2597;0.008097;0.44459;-0.012676
120; JAGUARI      ;5;1;-1.2476;0.002699;0.509096;-0.001912
120; JAGUARI      ;6;1;-1.216;0.002699;0.506857;-0.004686
120; JAGUARI      ;7;1;0;0;0.512127;-0.000745
120; JAGUARI      ;8;1;2.9969;0;0.435497;-0.013716
121; PARAIBUNA    ;1;1;-8.4776;0.006889;0.66641;-0.007525
121; PARAIBUNA    ;2;1;-7.4792;0.005728;0.673487;-0.006661
121; PARAIBUNA    ;3;1;-6.9844;0.005728;0.668325;-0.007359
121; PARAIBUNA    ;4;1;-5.233;0.003819;0.681489;-0.004756
121; PARAIBUNA    ;5;1;-4.9229;0.003819;0.676637;-0.006175
121; PARAIBUNA    ;6;1;-2.7577;0.001909;0.690325;-0.001893
121; PARAIBUNA    ;7;1;-2.5759;0.001909;0.684639;-0.003984
121; PARAIBUNA    ;8;1;0;0;0.693475;-0.000796
122; SANTA BRANCA ;1;1;-7.3279;0.068927;0.314436;-0.006199
122; SANTA BRANCA ;2;1;-5.6684;0.051695;0.319832;-0.005534
122; SANTA BRANCA ;3;1;-5.4634;0.051695;0.317719;-0.006012
122; SANTA BRANCA ;4;1;-4.0859;0.034463;0.329118;-0.004121
122; SANTA BRANCA ;5;1;-3.6977;0.034463;0.323115;-0.005206
122; SANTA BRANCA ;6;1;-2.1829;0.017232;0.337775;-0.001593
122; SANTA BRANCA ;7;1;-2.0092;0.017232;0.332401;-0.003463
122; SANTA BRANCA ;8;1;0;0;0.341058;-0.000643
123; FUNIL        ;1;1;-33.7893;0.085608;0.548828;-0.005556
123; FUNIL        ;2;1;-25.7007;0.064206;0.555039;-0.005823
123; FUNIL        ;3;1;-24.8499;0.064206;0.551792;-0.005686
123; FUNIL        ;4;1;-18.2487;0.042804;0.568001;-0.004946
123; FUNIL        ;5;1;-16.5023;0.042804;0.558004;-0.005734
123; FUNIL        ;6;1;-9.7163;0.021402;0.581554;-0.002107
123; FUNIL        ;7;1;-8.7914;0.021402;0.570966;-0.004291
123; FUNIL        ;8;1;0;0;0.584519;-0.000875
126; PICADA       ;1;1;0;0;1.160002;-0.000852
126; PICADA       ;2;1;0.0613;0;1.154336;-0.002435
126; PICADA       ;3;1;0.1483;0;1.150311;-0.003477
126; PICADA       ;4;1;0.2404;0;1.147474;-0.00422
127; SOBRAGI      ;1;1;0;0;0.71915;-0.000732
127; SOBRAGI      ;2;1;0.0887;0;0.714915;-0.002464
127; SOBRAGI      ;3;1;0.3164;0;0.709477;-0.003589
127; SOBRAGI      ;4;1;0.5693;0;0.70545;-0.004085
129; SIMPLICIO    ;1;0.9997;0;0;0.981928;-0.001382
129; SIMPLICIO    ;2;0.9997;1.2102;0;0.9661;-0.003125
129; SIMPLICIO    ;3;0.9997;1.8285;0;0.962057;-0.002088
130; ILHA POMBOS  ;1;1;0;0;0.279905;-0.001825
130; ILHA POMBOS  ;2;1;1.8029;0;0.268645;-0.005578
130; ILHA POMBOS  ;3;1;4.8643;0;0.259085;-0.008291
130; ILHA POMBOS  ;4;1;8.6399;0;0.251224;-0.010153
131; NILO PECANHA ;1;1;0;0;2.691222;-0.000704
131; NILO PECANHA ;2;1;0.1116;0;2.688025;-0.002524
131; NILO PECANHA ;3;1;0.4459;0;2.683237;-0.003975
131; NILO PECANHA ;4;1;0.9303;0;2.678612;-0.004823
133; P. PASSOS    ;1;1;0;0;0.333024;-0.004203
133; P. PASSOS    ;2;1;1.8633;0;0.308517;-0.006529
133; P. PASSOS    ;3;1;2.2786;0;0.305786;-0.010045
133; P. PASSOS    ;4;1;4.104;0;0.297783;-0.013095
134; SALTO GRANDE ;1;0.99997;0.0038;0;0.800505;-0.000321
135; P. ESTRELA   ;1;1;0;0;0.461305;-0.001484
135; P. ESTRELA   ;2;1;0.5823;0;0.451775;-0.004329
135; P. ESTRELA   ;3;1;1.4823;0;0.44441;-0.006162
135; P. ESTRELA   ;4;1;2.4935;0;0.438893;-0.007257
139; CANDONGA     ;1;1;0;0;0.449709;-0.001169
139; CANDONGA     ;2;1;0.7061;0;0.440625;-0.002953
139; CANDONGA     ;3;1;1.5345;0;0.435295;-0.003693
139; CANDONGA     ;4;1;2.1467;0;0.43267;-0.003982
141; BAGUARI      ;1;1;0;0;0.172408;-0.001285
141; BAGUARI      ;2;1;1.7284;0;0.164024;-0.003761
141; BAGUARI      ;3;1;4.0725;0;0.158339;-0.005682
141; BAGUARI      ;4;1;6.5716;0;0.154299;-0.007507
143; AIMORES      ;1;1;0;0;0.253922;-0.002071
143; AIMORES      ;2;1;3.1069;0;0.244289;-0.007362
143; AIMORES      ;3;1;11.1582;0;0.231807;-0.011926
143; AIMORES      ;4;1;22.8084;0;0.219766;-0.015347
144; MASCARENHAS  ;1;1;0;0;0.204615;-0.002341
144; MASCARENHAS  ;2;1;3.6425;0;0.189982;-0.007106
144; MASCARENHAS  ;3;1;8.832;0;0.179558;-0.011048
144; MASCARENHAS  ;4;1;14.5679;0;0.171876;-0.014839
145; SUICA        ;1;0.99977;0.0097;0;2.111688;-0.000392
146; FONTES C     ;1;0.9999;0.0055;0;2.690831;-0.001961
147; FONTES AB    ;1;0.99998;0.0199;0;2.580713;-0.002586
147; FONTES AB    ;2;0.99998;0.1395;0;2.575166;-0.007969
148; IRAPE        ;1;1;-44.7056;0.013682;1.493499;-0.00409
148; IRAPE        ;2;1;-32.519;0.00998;1.497465;-0.004373
148; IRAPE        ;3;1;-26.6712;0.008262;1.498385;-0.004336
148; IRAPE        ;4;1;-15.6895;0.004561;1.523778;-0.003324
148; IRAPE        ;5;1;-14.211;0.004561;1.50235;-0.004441
148; IRAPE        ;6;1;0;0;1.528664;-0.001736
148; IRAPE        ;7;1;2.0003;0.013682;1.267867;-0.003787
148; IRAPE        ;8;1;53.1142;0;1.25321;-0.003613
153; SAO DOMINGOS ;1;0.99991;0;0.026352;0.307543;-0.003703
153; SAO DOMINGOS ;2;0.99991;0;0.021412;0.308468;-0.003741
153; SAO DOMINGOS ;3;0.99991;0;0;0.316488;-0.001021
153; SAO DOMINGOS ;4;0.99991;0.2691;0.044473;0.300755;-0.007344
153; SAO DOMINGOS ;5;0.99991;0.318;0.051054;0.299523;-0.007154
153; SAO DOMINGOS ;6;0.99991;0.9128;0.071645;0.29202;-0.009328
153; SAO DOMINGOS ;7;0.99991;1.0253;0.071645;0.291074;-0.011281
153; SAO DOMINGOS ;8;0.99991;1.793;0.096138;0.28455;-0.012134
153; SAO DOMINGOS ;9;0.99991;2.7326;0.004666;0.285013;-0.01215
154; ITAPEBI      ;1;0.99995;0;0.020967;0.71097;-0.002817
154; ITAPEBI      ;2;0.99995;0;0;0.719812;-0.001387
154; ITAPEBI      ;3;0.99995;0.6851;0.020967;0.706739;-0.005315
154; ITAPEBI      ;4;0.99995;2.1169;0.041934;0.697896;-0.00622
154; ITAPEBI      ;5;0.99995;2.4482;0.041934;0.696873;-0.007763
154; ITAPEBI      ;6;0.99995;4.7732;0.058956;0.689694;-0.008823
154; ITAPEBI      ;7;0.99995;5.3119;0.066845;0.688031;-0.008809
154; ITAPEBI      ;8;0.99995;8.7993;0.083867;0.680852;-0.00963
155; RETIRO BAIXO ;1;1;-1.5145;0.095259;0.32458;-0.004629
155; RETIRO BAIXO ;2;1;-1.3246;0.071444;0.327734;-0.003949
155; RETIRO BAIXO ;3;1;-1.1408;0.04763;0.332515;-0.002938
155; RETIRO BAIXO ;4;1;-0.7866;0.023815;0.339373;-0.001274
155; RETIRO BAIXO ;5;1;-0.7863;0.071444;0.324888;-0.004419
155; RETIRO BAIXO ;6;1;-0.5769;0.04763;0.328043;-0.003684
155; RETIRO BAIXO ;7;1;-0.3737;0.023815;0.332823;-0.002518
155; RETIRO BAIXO ;8;1;0;0;0.339681;-0.000553
156; TRES MARIAS  ;1;1;-79.7133;0.005623;0.475728;-0.004402
156; TRES MARIAS  ;2;1;-54.2082;0.003749;0.482005;-0.003569
156; TRES MARIAS  ;3;1;-51.9373;0.003749;0.476992;-0.004208
156; TRES MARIAS  ;4;1;-28.3487;0.001874;0.492994;-0.001709
156; TRES MARIAS  ;5;1;-26.1459;0.001874;0.483269;-0.00315
156; TRES MARIAS  ;6;1;0;0;0.494259;-0.000767
156; TRES MARIAS  ;7;1;41.3126;0.005623;0.297618;-0.00475
156; TRES MARIAS  ;8;1;129.7947;0;0.293825;0
162; QUEIMADO     ;1;1;-4.1295;0.011279;1.645666;-0.008402
162; QUEIMADO     ;2;1;-2.9996;0.007519;1.660209;-0.006216
162; QUEIMADO     ;3;1;-2.5961;0.007519;1.647801;-0.007874
162; QUEIMADO     ;4;1;-1.6028;0.00376;1.672878;-0.002396
162; QUEIMADO     ;5;1;-1.4315;0.00376;1.662344;-0.005219
162; QUEIMADO     ;6;1;0;0;1.675013;-0.000966
162; QUEIMADO     ;7;1;4.066;0.011279;1.477686;-0.009372
162; QUEIMADO     ;8;1;9.2912;0;1.471281;-0.009824
169; SOBRADINHO   ;1;1;-174.3064;0.010598;0.218932;-0.013826
169; SOBRADINHO   ;2;1;-152.7378;0.007949;0.232568;-0.011928
169; SOBRADINHO   ;3;1;-114.1118;0.005299;0.245171;-0.008303
169; SOBRADINHO   ;4;1;-112.8559;0.007949;0.22033;-0.013376
169; SOBRADINHO   ;5;1;-89.7682;0.005299;0.233966;-0.010959
169; SOBRADINHO   ;6;1;-66.008;0.00265;0.261652;-0.003503
169; SOBRADINHO   ;7;1;-49.623;0.00265;0.246569;-0.006969
169; SOBRADINHO   ;8;1;0;0;0.26305;-0.001561
172; ITAPARICA    ;1;1;-65.9428;0.042164;0.432617;-0.000001
172; ITAPARICA    ;2;1;-0.0023;0.000001;0.433527;0
173; MOXOTO       ;1;1;0;0;0.188607;-0.000094
173; MOXOTO       ;2;1;0.4044;0;0.187845;-0.000248
173; MOXOTO       ;3;1;0.9588;0;0.187322;-0.000323
173; MOXOTO       ;4;1;1.3043;0;0.187104;-0.000393
174; P.AFONSO 123 ;1;1;0;0;0.773305;-0.001925
174; P.AFONSO 123 ;2;1;1.8832;0;0.769033;-0.008294
174; P.AFONSO 123 ;3;1;9.3657;0;0.760547;-0.016244
174; P.AFONSO 123 ;4;1;25.6838;0;0.748209;-0.02469
175; P.AFONSO 4   ;1;1;0;0;1.02407;-0.001368
175; P.AFONSO 4   ;2;1;2.7248;0;1.01952;-0.005024
175; P.AFONSO 4   ;3;1;12.5388;0;1.011326;-0.008471
175; P.AFONSO 4   ;4;1;36.7082;0;0.997873;-0.010474
178; XINGO        ;1;0.99976;0;0.121415;1.098966;-0.006273
178; XINGO        ;2;0.99976;0;0;1.109229;-0.003088
178; XINGO        ;3;0.99976;18.2683;0.121415;1.074061;-0.010932
178; XINGO        ;4;0.99976;25.796;0.24283;1.063798;-0.012476
178; XINGO        ;5;0.99976;37.921;0.24283;1.055533;-0.014823
178; XINGO        ;6;0.99976;51.7744;0.354552;1.046089;-0.016588
178; XINGO        ;7;0.99976;52.9764;0.373939;1.04527;-0.01645
178; XINGO        ;8;0.99976;73.7567;0.48566;1.035827;-0.018147
185; BARRA BRAUNA ;1;1;0;0;0.219343;0
185; BARRA BRAUNA ;2;1;0.3814;0;0.211153;0
185; BARRA BRAUNA ;3;1;0.9191;0;0.205379;0
185; BARRA BRAUNA ;4;1;1.4884;0;0.201304;0
189; P. CAVALO    ;1;1;-7.4853;0.008906;0.96061;-0.004592
189; P. CAVALO    ;2;1;-5.22;0.005937;0.966498;-0.003451
189; P. CAVALO    ;3;1;-4.7728;0.005937;0.961264;-0.004317
189; P. CAVALO    ;4;1;-2.7684;0.002969;0.973916;-0.001457
189; P. CAVALO    ;5;1;-2.4795;0.002969;0.967152;-0.002942
189; P. CAVALO    ;6;1;0;0;0.97457;-0.000624
189; P. CAVALO    ;7;1;7.4239;0.008906;0.844277;-0.004998
189; P. CAVALO    ;8;1;16.0648;0;0.842313;-0.005099
190; B. ESPERANCA ;1;1;-12.858;0.011571;0.371081;-0.012842
190; B. ESPERANCA ;2;1;-10.294;0.007714;0.382703;-0.008366
190; B. ESPERANCA ;3;1;-6.9282;0.007714;0.372017;-0.011514
190; B. ESPERANCA ;4;1;-6.2248;0.003857;0.396389;-0.003159
190; B. ESPERANCA ;5;1;-5.9657;0.011571;0.356494;-0.015699
190; B. ESPERANCA ;6;1;-4.2167;0.003857;0.383639;-0.006871
190; B. ESPERANCA ;7;1;0;0;0.397325;-0.001315
190; B. ESPERANCA ;8;1;14.4786;0;0.353685;-0.016892
192; GUILMAN-AMOR ;1;1;0;0;1.007497;-0.000909
192; GUILMAN-AMOR ;2;1;0.1902;0;1.001833;-0.002747
192; GUILMAN-AMOR ;3;1;0.4881;0;0.997397;-0.004121
192; GUILMAN-AMOR ;4;1;0.8385;0;0.993919;-0.005201
193; SA CARVALHO  ;1;1;0;0;0.940623;-0.000565
193; SA CARVALHO  ;2;1;0.0637;0;0.937547;-0.001833
193; SA CARVALHO  ;3;1;0.1786;0;0.934774;-0.00291
193; SA CARVALHO  ;4;1;0.3331;0;0.932289;-0.003809
195; JAURU        ;1;1;0;0;0.93249;-0.000698
195; JAURU        ;2;1;0.1022;0;0.929266;-0.002492
195; JAURU        ;3;1;0.3979;0;0.924604;-0.003915
195; JAURU        ;4;1;0.8218;0;0.920148;-0.004754
196; GUAPORE      ;1;1;0;0;1.550593;-0.002062
196; GUAPORE      ;2;1;0.2199;0;1.539268;-0.00579
196; GUAPORE      ;3;1;0.4755;0;1.532685;-0.009185
196; GUAPORE      ;4;1;1.0622;0;1.522612;-0.011874
203; CORUMBA III  ;1;1;-3.2461;0.03614;0.328225;-0.008114
203; CORUMBA III  ;2;1;-2.9402;0.027105;0.334729;-0.007199
203; CORUMBA III  ;3;1;-2.5404;0.01807;0.343819;-0.005375
203; CORUMBA III  ;4;1;-1.7068;0.027105;0.328899;-0.007879
203; CORUMBA III  ;5;1;-1.6819;0.009035;0.355494;-0.002268
203; CORUMBA III  ;6;1;-1.3534;0.01807;0.335403;-0.006749
203; CORUMBA III  ;7;1;-0.906;0.009035;0.344493;-0.004579
203; CORUMBA III  ;8;1;0;0;0.356168;-0.000972
204; CACH.CALDEIR ;1;1;0;0;0.143016;-0.000314
204; CACH.CALDEIR ;2;1;0.8526;0;0.140811;-0.001016
204; CACH.CALDEIR ;3;1;2.2468;0;0.139008;-0.001634
204; CACH.CALDEIR ;4;1;3.1533;0;0.138227;-0.002372
215; SALTO PILAO  ;1;1;0;0;1.771517;-0.000999
215; SALTO PILAO  ;2;1;0.144;0;1.766221;-0.003295
215; SALTO PILAO  ;3;1;0.4082;0;1.761365;-0.005328
215; SALTO PILAO  ;4;1;0.7754;0;1.756863;-0.007125
217; ROSAL        ;1;0.99947;0.0372;0;1.69031;-0.001246
225; SLT APIACAS  ;1;1;0;0;0.221834;0
227; SINOP        ;1;1;-66.1647;0.058368;0.234515;-0.007781
227; SINOP        ;2;1;-53.9886;0.043776;0.240479;-0.005802
227; SINOP        ;3;1;-48.6863;0.043776;0.236028;-0.00719
227; SINOP        ;4;1;-37.8518;0.029184;0.244439;-0.003381
227; SINOP        ;5;1;-35.9093;0.029184;0.241992;-0.005074
227; SINOP        ;6;1;-19.281;0.014592;0.246227;-0.001043
227; SINOP        ;7;1;-19.1717;0.014592;0.245952;-0.002637
227; SINOP        ;8;1;0;0;0.24774;-0.000399
228; COLIDER      ;1;1;0;0;0.219551;-0.002804
228; COLIDER      ;2;1;6.1124;0;0.202494;-0.008291
228; COLIDER      ;3;1;15.2118;0;0.189797;-0.012296
228; COLIDER      ;4;1;26.9285;0;0.178898;-0.015169
229; TELES PIRES  ;1;1;0;0;0.51841;-0.003757
229; TELES PIRES  ;2;1;18.3562;0;0.498124;-0.012615
229; TELES PIRES  ;3;1;58.0497;0;0.47619;-0.019428
229; TELES PIRES  ;4;1;108.5101;0;0.457602;-0.024117
230; SAO MANOEL   ;1;1;0;0;0.247612;-0.004549
230; SAO MANOEL   ;2;1;23.5302;0;0.218414;-0.013148
230; SAO MANOEL   ;3;1;55.9273;0;0.198313;-0.019237
230; SAO MANOEL   ;4;1;92.8402;0;0.183045;-0.023829
241; SLT VERDINHO ;1;1;0;0;0.368918;-0.000406
241; SLT VERDINHO ;2;1;0.0488;0;0.368132;-0.001856
241; SLT VERDINHO ;3;1;0.2159;0;0.366788;-0.00389
241; SLT VERDINHO ;4;1;0.612;0;0.364663;-0.006298
249; OURINHOS     ;1;1;0;0;0.104377;-0.001415
249; OURINHOS     ;2;1;0.8121;0;0.097278;-0.004806
249; OURINHOS     ;3;1;2.3805;0;0.090422;-0.007968
249; OURINHOS     ;4;1;4.6406;0;0.083836;-0.010877
251; SERRA MESA   ;1;1;-180.3733;0.00764;0.998293;-0.016845
251; SERRA MESA   ;2;1;-142.2956;0.00573;1.012462;-0.013257
251; SERRA MESA   ;3;1;-134.8085;0.00573;1.003937;-0.015816
251; SERRA MESA   ;4;1;-98.8897;0.00382;1.024616;-0.008265
251; SERRA MESA   ;5;1;-95.0788;0.00382;1.018106;-0.011829
251; SERRA MESA   ;6;1;-50.521;0.00191;1.031968;-0.00272
251; SERRA MESA   ;7;1;-50.0208;0.00191;1.030259;-0.006583
251; SERRA MESA   ;8;1;0;0;1.037612;-0.001058
252; CANA BRAVA   ;1;0.99807;0;0.036069;0.368108;-0.005164
252; CANA BRAVA   ;2;0.99807;0;0.02155;0.374707;-0.006445
252; CANA BRAVA   ;3;0.99807;0;0.007538;0.384259;-0.004149
252; CANA BRAVA   ;4;0.99807;0;0;0.394537;-0.001174
252; CANA BRAVA   ;5;0.99807;0.514;0.038698;0.366316;-0.009387
252; CANA BRAVA   ;6;0.99807;2.9472;0.057367;0.357831;-0.008431
252; CANA BRAVA   ;7;0.99807;8.4262;0.071379;0.348278;-0.010017
252; CANA BRAVA   ;8;0.99807;11.5465;0.07404;0.344651;-0.011506
252; CANA BRAVA   ;9;0.99807;13.4707;0.076227;0.342415;-0.011392
252; CANA BRAVA   ;10;0.99807;14.8747;0.078621;0.340783;-0.011392
252; CANA BRAVA   ;11;0.99807;15.6449;0.081247;0.339887;-0.011392
253; SAO SALVADOR ;1;0.99966;0;0.039179;0.207863;-0.002004
253; SAO SALVADOR ;2;0.99966;0;0.030324;0.208478;-0.00276
253; SAO SALVADOR ;3;0.99966;0;0.007209;0.210884;-0.001496
253; SAO SALVADOR ;4;0.99966;0;0;0.212384;-0.000344
253; SAO SALVADOR ;5;0.99966;0.4262;0.053597;0.206363;-0.003489
253; SAO SALVADOR ;6;0.99966;1.0776;0.059105;0.205216;-0.006097
253; SAO SALVADOR ;7;0.99966;1.7931;0.071204;0.203957;-0.00594
253; SAO SALVADOR ;8;0.99966;4.2663;0.085147;0.201055;-0.008186
253; SAO SALVADOR ;9;0.99966;4.4196;0.086299;0.200875;-0.008
253; SAO SALVADOR ;10;0.99966;4.5462;0.088022;0.200727;-0.007963
257; PEIXE ANGIC  ;1;1;-7.931;0.016729;0.254129;-0.00356
257; PEIXE ANGIC  ;2;1;-5.7731;0.033457;0.234771;-0.00813
257; PEIXE ANGIC  ;3;1;-2.8797;0.050186;0.224387;-0.01151
257; PEIXE ANGIC  ;4;1;-0.7705;0.066914;0.217965;-0.014718
257; PEIXE ANGIC  ;5;1;0;0;0.254468;-0.00157
257; PEIXE ANGIC  ;6;1;1.9811;0.016729;0.23511;-0.00694
257; PEIXE ANGIC  ;7;1;4.6977;0.033457;0.224726;-0.010505
257; PEIXE ANGIC  ;8;1;6.6302;0.050186;0.218304;-0.013634
261; LAJEADO      ;1;1;0;0.010385;0.338921;-0.006444
261; LAJEADO      ;2;1;0;0.010148;0.338991;-0.006765
261; LAJEADO      ;3;1;0;0.009998;0.33907;-0.006899
261; LAJEADO      ;4;1;0;0;0.346138;-0.003032
261; LAJEADO      ;5;1;13.5932;0.010304;0.319012;-0.013299
261; LAJEADO      ;6;1;13.6113;0.010073;0.319081;-0.013345
261; LAJEADO      ;7;1;13.6324;0.010467;0.318926;-0.013475
261; LAJEADO      ;8;1;18.229;0.019996;0.312189;-0.016295
261; LAJEADO      ;9;1;18.3374;0.020295;0.31203;-0.016295
261; LAJEADO      ;10;1;18.4127;0.020608;0.31192;-0.016295
261; LAJEADO      ;11;1;18.452;0.020933;0.311862;-0.015757
261; LAJEADO      ;12;1;42.1893;0.020295;0.29455;-0.02055
261; LAJEADO      ;13;1;42.2255;0.019996;0.294603;-0.020957
261; LAJEADO      ;14;1;42.2646;0.020608;0.29444;-0.02055
261; LAJEADO      ;15;1;42.4609;0.020933;0.294268;-0.020957
261; LAJEADO      ;16;1;51.2016;0.029993;0.287862;-0.022796
261; LAJEADO      ;17;1;51.5271;0.030443;0.287624;-0.022454
261; LAJEADO      ;18;1;51.753;0.030912;0.287458;-0.022796
261; LAJEADO      ;19;1;51.8708;0.0314;0.287372;-0.022454
261; LAJEADO      ;20;1;80.1891;0.030443;0.273621;-0.025516
261; LAJEADO      ;21;1;80.1891;0.029993;0.2737;-0.025299
261; LAJEADO      ;22;1;80.415;0.030912;0.273455;-0.025299
261; LAJEADO      ;23;1;80.886;0.0314;0.273196;-0.025299
261; LAJEADO      ;24;1;93.3187;0.039991;0.267122;-0.026419
261; LAJEADO      ;25;1;93.9696;0.040591;0.266804;-0.026262
261; LAJEADO      ;26;1;94.4215;0.041215;0.266583;-0.026262
261; LAJEADO      ;27;1;94.657;0.041866;0.266468;-0.026262
262; SALTO        ;1;1;0;0;0.45806;-0.002005
262; SALTO        ;2;1;0.7821;0;0.44592;-0.003472
262; SALTO        ;3;1;1.0189;0;0.444081;-0.005099
262; SALTO        ;4;1;3.5605;0;0.43093;-0.005493
267; ESTREITO TOC ;1;0.99551;0;0.040072;0.179687;-0.009922
267; ESTREITO TOC ;2;0.99551;0;0.031605;0.184538;-0.012179
267; ESTREITO TOC ;3;0.99551;0;0.013979;0.199687;-0.008128
267; ESTREITO TOC ;4;0.99551;0;0;0.223715;-0.002498
267; ESTREITO TOC ;5;0.99551;9.6226;0.048121;0.172769;-0.017827
267; ESTREITO TOC ;6;0.99551;33.4218;0.077984;0.155658;-0.015863
267; ESTREITO TOC ;7;0.99551;51.1113;0.085383;0.149299;-0.021607
267; ESTREITO TOC ;8;0.99551;68.6796;0.09518;0.142984;-0.0213
267; ESTREITO TOC ;9;0.99551;75.5626;0.100938;0.14051;-0.019002
267; ESTREITO TOC ;10;0.99551;99.7758;0.107689;0.134707;-0.022791
267; ESTREITO TOC ;11;0.99551;124.6752;0.121575;0.12874;-0.022791
272; CURUA-UNA    ;1;1;-5.5347;0.017007;0.172572;-0.011329
272; CURUA-UNA    ;2;1;-4.217;0.011338;0.181365;-0.006972
272; CURUA-UNA    ;3;1;-3.2154;0.011338;0.173416;-0.009976
272; CURUA-UNA    ;4;1;-2.4256;0.005669;0.191433;-0.002506
272; CURUA-UNA    ;5;1;-1.8445;0.005669;0.182209;-0.005635
272; CURUA-UNA    ;6;1;0;0;0.192278;-0.00103
272; CURUA-UNA    ;7;1;1.7566;0.017007;0.133994;-0.014429
272; CURUA-UNA    ;8;1;9.6717;0;0.131462;-0.015796
275; TUCURUI      ;1;1;-1095.2022;0.043504;0.536407;-0.032342
275; TUCURUI      ;2;1;-924.2415;0.032628;0.557922;-0.025153
275; TUCURUI      ;3;1;-722.7868;0.032628;0.538819;-0.030062
275; TUCURUI      ;4;1;-698.3544;0.021752;0.582383;-0.016506
275; TUCURUI      ;5;1;-543.3467;0.021752;0.560334;-0.022633
275; TUCURUI      ;6;1;-397.8535;0.010876;0.610078;-0.006205
275; TUCURUI      ;7;1;-308.9803;0.010876;0.584795;-0.013555
275; TUCURUI      ;8;1;0;0;0.61249;-0.002574
276; RONDON II    ;1;1;-2.2932;0.012636;0.524105;-0.013887
276; RONDON II    ;2;1;-1.9909;0.008424;0.53668;-0.008786
276; RONDON II    ;3;1;-1.1931;0.004212;0.547842;-0.003052
276; RONDON II    ;4;1;-1.1242;0.008424;0.524445;-0.012391
276; RONDON II    ;5;1;-0.8098;0.004212;0.53702;-0.007084
276; RONDON II    ;6;1;0;0;0.548182;-0.001217
276; RONDON II    ;7;1;3.8187;0.012636;0.466583;-0.016993
276; RONDON II    ;8;1;7.5427;0;0.465562;-0.018232
277; BALBINA      ;1;1;-6.8414;0.002679;0.192199;-0.008967
277; BALBINA      ;2;1;-6.2669;0.00134;0.210505;-0.003687
277; BALBINA      ;3;1;-4.1746;0.004019;0.177834;-0.012438
277; BALBINA      ;4;1;-0.8504;0.00134;0.193086;-0.007574
277; BALBINA      ;5;1;-0.7176;0.005359;0.16741;-0.014658
277; BALBINA      ;6;1;0;0;0.211392;-0.00157
277; BALBINA      ;7;1;1.5406;0.002679;0.178721;-0.011522
277; BALBINA      ;8;1;4.7218;0.004019;0.168297;-0.014007
278; MANSO        ;1;1;-15.8295;0.006728;0.511181;-0.00917
278; MANSO        ;2;1;-11.6403;0.004486;0.521399;-0.006157
278; MANSO        ;3;1;-9.8;0.004486;0.512466;-0.008344
278; MANSO        ;4;1;-6.2943;0.002243;0.530606;-0.002245
278; MANSO        ;5;1;-5.4784;0.002243;0.522684;-0.005045
278; MANSO        ;6;1;-4.8505;0.006728;0.47565;-0.010713
278; MANSO        ;7;1;0;0;0.531891;-0.000908
278; MANSO        ;8;1;15.6209;0;0.471794;-0.011263
279; SAMUEL       ;1;1;-8.1209;0.006008;0.264712;-0.016592
279; SAMUEL       ;2;1;-7.3401;0.003004;0.296828;-0.006739
279; SAMUEL       ;3;1;-4.5621;0.009012;0.238031;-0.023028
279; SAMUEL       ;4;1;-0.934;0.003004;0.265462;-0.013976
279; SAMUEL       ;5;1;0;0;0.297578;-0.002854
279; SAMUEL       ;6;1;1.1162;0.012016;0.216784;-0.026653
279; SAMUEL       ;7;1;2.4715;0.006008;0.238781;-0.021363
279; SAMUEL       ;8;1;7.9967;0.009012;0.217534;-0.025692
280; COARACY NUNE ;1;1;0;0;0.18191;-0.000156
280; COARACY NUNE ;2;1;0.0905;0;0.180989;-0.000489
280; COARACY NUNE ;3;1;0.2878;0;0.179985;-0.000678
280; COARACY NUNE ;4;1;0.5421;0;0.179123;-0.000716
281; PONTE PEDRA  ;1;1;0;0;2.222096;-0.001236
281; PONTE PEDRA  ;2;1;0.0947;0;2.217213;-0.004181
281; PONTE PEDRA  ;3;1;0.3887;0;2.209629;-0.006348
281; PONTE PEDRA  ;4;1;1.5661;0;2.189383;-0.006371
283; STA CLARA MG ;1;1;0;0;0.453037;-0.001246
283; STA CLARA MG ;2;1;0.2098;0;0.446577;-0.004167
283; STA CLARA MG ;3;1;0.6048;0;0.440494;-0.006809
283; STA CLARA MG ;4;1;1.1607;0;0.434788;-0.009172
284; FERREIRA GOM ;1;1;0;0;0.166079;-0.001731
284; FERREIRA GOM ;2;1;4.6864;0;0.154382;-0.00489
284; FERREIRA GOM ;3;1;10.6882;0;0.146891;-0.007105
284; FERREIRA GOM ;4;1;16.7766;0;0.141826;-0.008959
285; JIRAU        ;1;0.99003;0;0.767808;0.09823;-0.011812
285; JIRAU        ;2;0.99003;0;0.663923;0.102526;-0.018168
285; JIRAU        ;3;0.99003;0;0.222648;0.134966;-0.013084
285; JIRAU        ;4;0.99003;0;0.056772;0.153257;-0.007776
285; JIRAU        ;5;0.99003;0;0;0.165777;-0.001939
285; JIRAU        ;6;0.99003;84.9803;0.994896;0.085709;-0.017879
285; JIRAU        ;7;0.99003;167.0223;1.067974;0.079665;-0.025353
285; JIRAU        ;8;0.99003;190.9068;0.591045;0.098507;-0.027142
285; JIRAU        ;9;0.99003;332.9187;1.289632;0.067444;-0.025353
285; JIRAU        ;10;0.99003;333.275;1.290584;0.067418;-0.022453
285; JIRAU        ;11;0.99003;717.101;1.632476;0.048568;-0.027142
286; STO ANT JARI ;1;1;0;0.146775;0.232463;-0.003231
286; STO ANT JARI ;2;1;0;0.136184;0.232641;-0.003607
286; STO ANT JARI ;3;1;0;0.128651;0.232894;-0.003607
286; STO ANT JARI ;4;1;0;0.123142;0.233172;-0.003607
286; STO ANT JARI ;5;1;0;0;0.241443;-0.001594
286; STO ANT JARI ;6;1;2.4763;0.136184;0.226862;-0.007117
286; STO ANT JARI ;7;1;2.4763;0.128651;0.227115;-0.006784
286; STO ANT JARI ;8;1;2.5555;0.123142;0.227207;-0.007117
286; STO ANT JARI ;9;1;2.6287;0.146775;0.226328;-0.007117
286; STO ANT JARI ;10;1;5.4926;0.246285;0.219644;-0.008739
286; STO ANT JARI ;11;1;5.7304;0.257302;0.219089;-0.008739
286; STO ANT JARI ;12;1;5.9472;0.272368;0.218583;-0.008739
286; STO ANT JARI ;13;1;6.0996;0.293551;0.218227;-0.00842
286; STO ANT JARI ;14;1;8.5644;0.257302;0.215782;-0.011521
286; STO ANT JARI ;15;1;8.6437;0.246285;0.215967;-0.011823
286; STO ANT JARI ;16;1;8.7812;0.272368;0.215276;-0.011521
286; STO ANT JARI ;17;1;9.5432;0.293551;0.214208;-0.011823
286; STO ANT JARI ;18;1;13.9107;0.369427;0.209112;-0.013317
286; STO ANT JARI ;19;1;14.6241;0.385953;0.208279;-0.01302
286; STO ANT JARI ;20;1;15.2745;0.408551;0.20752;-0.013317
286; STO ANT JARI ;21;1;15.7317;0.440326;0.206987;-0.01302
286; STO ANT JARI ;22;1;17.2046;0.385953;0.206272;-0.016273
286; STO ANT JARI ;23;1;17.2046;0.369427;0.206549;-0.015978
286; STO ANT JARI ;24;1;17.855;0.408551;0.205513;-0.015978
286; STO ANT JARI ;25;1;19.6839;0.440326;0.203912;-0.015978
286; STO ANT JARI ;26;1;24.1947;0.49257;0.200403;-0.017751
286; STO ANT JARI ;27;1;25.6215;0.514605;0.199293;-0.017455
286; STO ANT JARI ;28;1;26.9223;0.544735;0.198281;-0.017455
286; STO ANT JARI ;29;1;27.8367;0.587101;0.197569;-0.017455
287; STO ANTONIO  ;1;1;0;0.090227;0.224098;-0.006884
287; STO ANTONIO  ;2;1;0;0.088737;0.224129;-0.007588
287; STO ANTONIO  ;3;1;0;0.086823;0.224206;-0.00767
287; STO ANTONIO  ;4;1;0;0.08443;0.22435;-0.007315
287; STO ANTONIO  ;5;1;0;0;0.231151;-0.002249
287; STO ANTONIO  ;6;1;60.863;0.088737;0.200273;-0.013653
287; STO ANTONIO  ;7;1;60.863;0.086823;0.20035;-0.013207
287; STO ANTONIO  ;8;1;61.0161;0.090227;0.200183;-0.013319
287; STO ANTONIO  ;9;1;61.1088;0.08443;0.200398;-0.013319
287; STO ANTONIO  ;10;1;77.1752;0.16886;0.193849;-0.015813
287; STO ANTONIO  ;11;1;77.9127;0.173645;0.19356;-0.015873
287; STO ANTONIO  ;12;1;78.306;0.177473;0.193406;-0.015943
287; STO ANTONIO  ;13;1;78.4592;0.180454;0.193346;-0.015644
287; STO ANTONIO  ;14;1;181.9204;0.173645;0.173176;-0.020951
287; STO ANTONIO  ;15;1;182.1662;0.16886;0.173273;-0.020673
287; STO ANTONIO  ;16;1;182.3138;0.177473;0.173022;-0.020579
287; STO ANTONIO  ;17;1;183.0795;0.180454;0.172842;-0.020673
287; STO ANTONIO  ;18;1;213.0152;0.253291;0.166975;-0.022754
287; STO ANTONIO  ;19;1;215.2275;0.260468;0.166542;-0.022804
287; STO ANTONIO  ;20;1;216.4076;0.26621;0.16631;-0.022862
287; STO ANTONIO  ;21;1;216.8671;0.270682;0.16622;-0.022613
287; STO ANTONIO  ;22;1;347.0245;0.260468;0.149322;-0.02703
287; STO ANTONIO  ;23;1;347.0245;0.253291;0.149466;-0.026798
287; STO ANTONIO  ;24;1;348.2045;0.26621;0.149091;-0.026721
287; STO ANTONIO  ;25;1;350.0424;0.270682;0.14882;-0.026798
287; STO ANTONIO  ;26;1;391.372;0.337721;0.143421;-0.028526
287; STO ANTONIO  ;27;1;395.7967;0.34729;0.142842;-0.028567
287; STO ANTONIO  ;28;1;398.1568;0.354947;0.142534;-0.028615
287; STO ANTONIO  ;29;1;399.0757;0.360909;0.142414;-0.028409
287; STO ANTONIO  ;30;1;541.8068;0.337721;0.128679;-0.03215
287; STO ANTONIO  ;31;1;542.2985;0.34729;0.128487;-0.031737
287; STO ANTONIO  ;32;1;544.6586;0.354947;0.128178;-0.03181
287; STO ANTONIO  ;33;1;548.028;0.360909;0.127818;-0.031874
287; STO ANTONIO  ;34;1;598.369;0.422151;0.122885;-0.033302
287; STO ANTONIO  ;35;1;605.7434;0.434113;0.122163;-0.033336
287; STO ANTONIO  ;36;1;609.6769;0.443683;0.121777;-0.033376
287; STO ANTONIO  ;37;1;611.2085;0.451136;0.121627;-0.033206
287; STO ANTONIO  ;38;1;754.8165;0.422151;0.110621;-0.036295
287; STO ANTONIO  ;39;1;756.0455;0.434113;0.11038;-0.035954
287; STO ANTONIO  ;40;1;759.979;0.443683;0.109995;-0.036014
287; STO ANTONIO  ;41;1;765.3394;0.451136;0.109544;-0.036067
287; STO ANTONIO  ;42;1;822.3092;0.506581;0.105078;-0.037246
287; STO ANTONIO  ;43;1;833.3709;0.520935;0.104211;-0.037274
287; STO ANTONIO  ;44;1;839.2712;0.53242;0.103749;-0.037307
287; STO ANTONIO  ;45;1;841.5685;0.541363;0.103569;-0.037166
287; STO ANTONIO  ;46;1;976.445;0.506581;0.095009;-0.039719
287; STO ANTONIO  ;47;1;978.6573;0.520935;0.09472;-0.039437
287; STO ANTONIO  ;48;1;984.5576;0.53242;0.094258;-0.039487
287; STO ANTONIO  ;49;1;992.3684;0.541363;0.093717;-0.039531
287; STO ANTONIO  ;50;1;1053.5844;0.591011;0.089718;-0.040506
287; STO ANTONIO  ;51;1;1069.0708;0.607758;0.088707;-0.04053
287; STO ANTONIO  ;52;1;1077.3312;0.621157;0.088167;-0.040557
287; STO ANTONIO  ;53;1;1080.5474;0.63159;0.087957;-0.04044
287; STO ANTONIO  ;54;1;1199.0811;0.591011;0.081571;-0.042561
287; STO ANTONIO  ;55;1;1202.5225;0.607758;0.081234;-0.042326
287; STO ANTONIO  ;56;1;1210.7829;0.621157;0.080694;-0.042368
287; STO ANTONIO  ;57;1;1221.5036;0.63159;0.080064;-0.042404
287; STO ANTONIO  ;58;1;1284.5833;0.675441;0.076532;-0.043218
287; STO ANTONIO  ;59;1;1305.2318;0.69458;0.075376;-0.043238
287; STO ANTONIO  ;60;1;1316.2456;0.709893;0.074759;-0.043261
287; STO ANTONIO  ;61;1;1320.5339;0.721818;0.074519;-0.043163
287; STO ANTONIO  ;62;1;1417.0192;0.675441;0.070043;-0.044945
287; STO ANTONIO  ;63;1;1421.9355;0.69458;0.069658;-0.044746
287; STO ANTONIO  ;64;1;1432.9493;0.709893;0.069041;-0.044782
287; STO ANTONIO  ;65;1;1447.0394;0.721818;0.068321;-0.044812
287; STO ANTONIO  ;66;1;1509.6002;0.759872;0.065256;-0.045502
287; STO ANTONIO  ;67;1;1536.1482;0.781403;0.063955;-0.045519
287; STO ANTONIO  ;68;1;1550.3088;0.79863;0.063261;-0.045538
287; STO ANTONIO  ;69;1;1555.8224;0.812045;0.062991;-0.045455
288; BELO MONTE   ;1;1;0;0;0.831445;-0.002016
288; BELO MONTE   ;2;1;23.0396;0;0.824192;-0.007466
288; BELO MONTE   ;3;1;92.9308;0;0.813189;-0.012832
288; BELO MONTE   ;4;1;216.3934;0;0.800232;-0.017535
290; ESPORA       ;1;0.99987;-1.7333;0.016926;0.404674;-0.003708
290; ESPORA       ;2;0.99987;-0.775;0.008463;0.409123;-0.003628
290; ESPORA       ;3;0.99987;-0.6405;0.008463;0.405332;-0.00362
290; ESPORA       ;4;0.99987;-0.5581;0.004232;0.428349;-0.002261
290; ESPORA       ;5;0.99987;-0.2286;0.004232;0.409781;-0.003471
290; ESPORA       ;6;0.99987;0;0;0.429007;-0.001096
304; ITIQUIRA I   ;1;0.99998;0.0098;0;0.768937;-0.000185
304; ITIQUIRA I   ;2;0.99998;0.1065;0;0.767143;-0.000506
305; ITIQUIRA II  ;1;1;0;0;1.232131;-0.001155
305; ITIQUIRA II  ;2;1;0.1433;0;1.224868;-0.003418
305; ITIQUIRA II  ;3;1;0.3702;0;1.219116;-0.004923
305; ITIQUIRA II  ;4;1;0.6326;0;1.214682;-0.005839
309; JURUENA      ;1;1;0.0043;0;0.307678;-0.001429
309; JURUENA      ;2;1;0.1494;0;0.305878;-0.004893
309; JURUENA      ;3;1;2.9309;0;0.283537;-0.007285
310; DARDANELOS   ;1;1;0;0;0.883782;-0.00171
310; DARDANELOS   ;2;1;0.8432;0;0.872553;-0.004952
310; DARDANELOS   ;3;1;2.0467;0;0.86454;-0.00722
310; DARDANELOS   ;4;1;4.2415;0;0.854798;-0.009036
311; CACU         ;1;1;0;0;0.248274;-0.000977
311; CACU         ;2;1;0.4663;0;0.241302;-0.002999
311; CACU         ;3;1;1.5281;0;0.233364;-0.003863
311; CACU         ;4;1;2.3307;0;0.229364;-0.003831
312; B. COQUEIROS ;1;1;0;0;0.325615;-0.000933
312; B. COQUEIROS ;2;1;0.402;0;0.319853;-0.002994
312; B. COQUEIROS ;3;1;1.3927;0;0.312754;-0.004116
312; B. COQUEIROS ;4;1;2.4576;0;0.307666;-0.004279
314; PIMENTAL     ;1;0.99869;0;0.023086;0.114162;-0.003313
314; PIMENTAL     ;2;0.99869;0;0.018968;0.115442;-0.004171
314; PIMENTAL     ;3;0.99869;0;0.006824;0.1211;-0.002649
314; PIMENTAL     ;4;0.99869;0;0;0.127459;-0.000746
314; PIMENTAL     ;5;0.99869;3.4487;0.036734;0.107803;-0.004892
314; PIMENTAL     ;6;0.99869;7.4146;0.040658;0.104147;-0.006342
314; PIMENTAL     ;7;0.99869;8.4141;0.041977;0.103225;-0.006212
314; PIMENTAL     ;8;0.99869;9.1633;0.043459;0.102534;-0.006342
314; PIMENTAL     ;9;0.99869;9.5856;0.04513;0.102145;-0.006212
314; PIMENTAL     ;10;0.99869;17.7682;0.04513;0.097115;-0.007574
314; PIMENTAL     ;11;0.99869;18.6129;0.043459;0.096726;-0.007457
314; PIMENTAL     ;12;0.99869;20.1113;0.041977;0.096035;-0.007457
314; PIMENTAL     ;13;0.99869;22.1102;0.040658;0.095114;-0.007457
314; PIMENTAL     ;14;0.99869;29.6106;0.036948;0.091656;-0.00814
314; PIMENTAL     ;15;0.99869;90.2941;0;0.065833;0
315; FOZ R. CLARO ;1;1;0;0;0.23216;-0.000159
315; FOZ R. CLARO ;2;1;0.0679;0;0.23121;-0.000499
315; FOZ R. CLARO ;3;1;0.1689;0;0.230503;-0.000809
315; FOZ R. CLARO ;4;1;0.2894;0;0.22994;-0.001145
-----;--------------;-------;---------;------------;-------------;-------------;-------------
