CodigoBarra;NomeBarra;Periodo;Carga;CodigoSubmercado;Swing
1;BARRA 1;1;22.9600332;1;True
2;BARRA 2;1;22.9600332;1;False
3;BARRA 3;1;22.9600332;1;False
4;BARRA 4;1;22.9600332;1;False
5;BARRA 5;1;22.9600332;1;False
6;BARRA 6;1;22.9600332;1;False
7;BARRA 7;1;22.9600332;1;False
8;BARRA 8;1;22.9600332;1;False
9;BARRA 9;1;22.9600332;1;False
10;BARRA 10;1;22.9600332;1;False
11;BARRA 11;1;22.9600332;1;False
12;BARRA 12;1;22.9600332;1;False
13;BARRA 13;1;22.9600332;1;False
14;BARRA 14;1;22.9600332;1;False
15;BARRA 15;1;22.9600332;2;False
16;BARRA 16;1;22.9600332;1;False
17;BARRA 17;1;22.9600332;1;False
18;BARRA 18;1;22.9600332;1;False
19;BARRA 19;1;22.9600332;1;False
20;BARRA 20;1;22.9600332;2;False
21;BARRA 21;1;22.9600332;1;False
22;BARRA 22;1;22.9600332;1;False
23;BARRA 23;1;22.9600332;1;False
24;BARRA 24;1;22.9600332;2;False
1;BARRA 1;2;22.1364117;1;True
2;BARRA 2;2;22.1364117;1;False
3;BARRA 3;2;22.1364117;1;False
4;BARRA 4;2;22.1364117;1;False
5;BARRA 5;2;22.1364117;1;False
6;BARRA 6;2;22.1364117;1;False
7;BARRA 7;2;22.1364117;1;False
8;BARRA 8;2;22.1364117;1;False
9;BARRA 9;2;22.1364117;1;False
10;BARRA 10;2;22.1364117;1;False
11;BARRA 11;2;22.1364117;1;False
12;BARRA 12;2;22.1364117;1;False
13;BARRA 13;2;22.1364117;1;False
14;BARRA 14;2;22.1364117;1;False
15;BARRA 15;2;22.1364117;2;False
16;BARRA 16;2;22.1364117;1;False
17;BARRA 17;2;22.1364117;1;False
18;BARRA 18;2;22.1364117;1;False
19;BARRA 19;2;22.1364117;1;False
20;BARRA 20;2;22.1364117;2;False
21;BARRA 21;2;22.1364117;1;False
22;BARRA 22;2;22.1364117;1;False
23;BARRA 23;2;22.1364117;1;False
24;BARRA 24;2;22.1364117;2;False
1;BARRA 1;3;21.53400649;1;True
2;BARRA 2;3;21.53400649;1;False
3;BARRA 3;3;21.53400649;1;False
4;BARRA 4;3;21.53400649;1;False
5;BARRA 5;3;21.53400649;1;False
6;BARRA 6;3;21.53400649;1;False
7;BARRA 7;3;21.53400649;1;False
8;BARRA 8;3;21.53400649;1;False
9;BARRA 9;3;21.53400649;1;False
10;BARRA 10;3;21.53400649;1;False
11;BARRA 11;3;21.53400649;1;False
12;BARRA 12;3;21.53400649;1;False
13;BARRA 13;3;21.53400649;1;False
14;BARRA 14;3;21.53400649;1;False
15;BARRA 15;3;21.53400649;2;False
16;BARRA 16;3;21.53400649;1;False
17;BARRA 17;3;21.53400649;1;False
18;BARRA 18;3;21.53400649;1;False
19;BARRA 19;3;21.53400649;1;False
20;BARRA 20;3;21.53400649;2;False
21;BARRA 21;3;21.53400649;1;False
22;BARRA 22;3;21.53400649;1;False
23;BARRA 23;3;21.53400649;1;False
24;BARRA 24;3;21.53400649;2;False
1;BARRA 1;4;21.00551603;1;True
2;BARRA 2;4;21.00551603;1;False
3;BARRA 3;4;21.00551603;1;False
4;BARRA 4;4;21.00551603;1;False
5;BARRA 5;4;21.00551603;1;False
6;BARRA 6;4;21.00551603;1;False
7;BARRA 7;4;21.00551603;1;False
8;BARRA 8;4;21.00551603;1;False
9;BARRA 9;4;21.00551603;1;False
10;BARRA 10;4;21.00551603;1;False
11;BARRA 11;4;21.00551603;1;False
12;BARRA 12;4;21.00551603;1;False
13;BARRA 13;4;21.00551603;1;False
14;BARRA 14;4;21.00551603;1;False
15;BARRA 15;4;21.00551603;2;False
16;BARRA 16;4;21.00551603;1;False
17;BARRA 17;4;21.00551603;1;False
18;BARRA 18;4;21.00551603;1;False
19;BARRA 19;4;21.00551603;1;False
20;BARRA 20;4;21.00551603;2;False
21;BARRA 21;4;21.00551603;1;False
22;BARRA 22;4;21.00551603;1;False
23;BARRA 23;4;21.00551603;1;False
24;BARRA 24;4;21.00551603;2;False
1;BARRA 1;5;20.62063136;1;True
2;BARRA 2;5;20.62063136;1;False
3;BARRA 3;5;20.62063136;1;False
4;BARRA 4;5;20.62063136;1;False
5;BARRA 5;5;20.62063136;1;False
6;BARRA 6;5;20.62063136;1;False
7;BARRA 7;5;20.62063136;1;False
8;BARRA 8;5;20.62063136;1;False
9;BARRA 9;5;20.62063136;1;False
10;BARRA 10;5;20.62063136;1;False
11;BARRA 11;5;20.62063136;1;False
12;BARRA 12;5;20.62063136;1;False
13;BARRA 13;5;20.62063136;1;False
14;BARRA 14;5;20.62063136;1;False
15;BARRA 15;5;20.62063136;2;False
16;BARRA 16;5;20.62063136;1;False
17;BARRA 17;5;20.62063136;1;False
18;BARRA 18;5;20.62063136;1;False
19;BARRA 19;5;20.62063136;1;False
20;BARRA 20;5;20.62063136;2;False
21;BARRA 21;5;20.62063136;1;False
22;BARRA 22;5;20.62063136;1;False
23;BARRA 23;5;20.62063136;1;False
24;BARRA 24;5;20.62063136;2;False
1;BARRA 1;6;20.33236384;1;True
2;BARRA 2;6;20.33236384;1;False
3;BARRA 3;6;20.33236384;1;False
4;BARRA 4;6;20.33236384;1;False
5;BARRA 5;6;20.33236384;1;False
6;BARRA 6;6;20.33236384;1;False
7;BARRA 7;6;20.33236384;1;False
8;BARRA 8;6;20.33236384;1;False
9;BARRA 9;6;20.33236384;1;False
10;BARRA 10;6;20.33236384;1;False
11;BARRA 11;6;20.33236384;1;False
12;BARRA 12;6;20.33236384;1;False
13;BARRA 13;6;20.33236384;1;False
14;BARRA 14;6;20.33236384;1;False
15;BARRA 15;6;20.33236384;2;False
16;BARRA 16;6;20.33236384;1;False
17;BARRA 17;6;20.33236384;1;False
18;BARRA 18;6;20.33236384;1;False
19;BARRA 19;6;20.33236384;1;False
20;BARRA 20;6;20.33236384;2;False
21;BARRA 21;6;20.33236384;1;False
22;BARRA 22;6;20.33236384;1;False
23;BARRA 23;6;20.33236384;1;False
24;BARRA 24;6;20.33236384;2;False
1;BARRA 1;7;20.1512727;1;True
2;BARRA 2;7;20.1512727;1;False
3;BARRA 3;7;20.1512727;1;False
4;BARRA 4;7;20.1512727;1;False
5;BARRA 5;7;20.1512727;1;False
6;BARRA 6;7;20.1512727;1;False
7;BARRA 7;7;20.1512727;1;False
8;BARRA 8;7;20.1512727;1;False
9;BARRA 9;7;20.1512727;1;False
10;BARRA 10;7;20.1512727;1;False
11;BARRA 11;7;20.1512727;1;False
12;BARRA 12;7;20.1512727;1;False
13;BARRA 13;7;20.1512727;1;False
14;BARRA 14;7;20.1512727;1;False
15;BARRA 15;7;20.1512727;2;False
16;BARRA 16;7;20.1512727;1;False
17;BARRA 17;7;20.1512727;1;False
18;BARRA 18;7;20.1512727;1;False
19;BARRA 19;7;20.1512727;1;False
20;BARRA 20;7;20.1512727;2;False
21;BARRA 21;7;20.1512727;1;False
22;BARRA 22;7;20.1512727;1;False
23;BARRA 23;7;20.1512727;1;False
24;BARRA 24;7;20.1512727;2;False
1;BARRA 1;8;20.07419018;1;True
2;BARRA 2;8;20.07419018;1;False
3;BARRA 3;8;20.07419018;1;False
4;BARRA 4;8;20.07419018;1;False
5;BARRA 5;8;20.07419018;1;False
6;BARRA 6;8;20.07419018;1;False
7;BARRA 7;8;20.07419018;1;False
8;BARRA 8;8;20.07419018;1;False
9;BARRA 9;8;20.07419018;1;False
10;BARRA 10;8;20.07419018;1;False
11;BARRA 11;8;20.07419018;1;False
12;BARRA 12;8;20.07419018;1;False
13;BARRA 13;8;20.07419018;1;False
14;BARRA 14;8;20.07419018;1;False
15;BARRA 15;8;20.07419018;2;False
16;BARRA 16;8;20.07419018;1;False
17;BARRA 17;8;20.07419018;1;False
18;BARRA 18;8;20.07419018;1;False
19;BARRA 19;8;20.07419018;1;False
20;BARRA 20;8;20.07419018;2;False
21;BARRA 21;8;20.07419018;1;False
22;BARRA 22;8;20.07419018;1;False
23;BARRA 23;8;20.07419018;1;False
24;BARRA 24;8;20.07419018;2;False
1;BARRA 1;9;20.18453434;1;True
2;BARRA 2;9;20.18453434;1;False
3;BARRA 3;9;20.18453434;1;False
4;BARRA 4;9;20.18453434;1;False
5;BARRA 5;9;20.18453434;1;False
6;BARRA 6;9;20.18453434;1;False
7;BARRA 7;9;20.18453434;1;False
8;BARRA 8;9;20.18453434;1;False
9;BARRA 9;9;20.18453434;1;False
10;BARRA 10;9;20.18453434;1;False
11;BARRA 11;9;20.18453434;1;False
12;BARRA 12;9;20.18453434;1;False
13;BARRA 13;9;20.18453434;1;False
14;BARRA 14;9;20.18453434;1;False
15;BARRA 15;9;20.18453434;2;False
16;BARRA 16;9;20.18453434;1;False
17;BARRA 17;9;20.18453434;1;False
18;BARRA 18;9;20.18453434;1;False
19;BARRA 19;9;20.18453434;1;False
20;BARRA 20;9;20.18453434;2;False
21;BARRA 21;9;20.18453434;1;False
22;BARRA 22;9;20.18453434;1;False
23;BARRA 23;9;20.18453434;1;False
24;BARRA 24;9;20.18453434;2;False
1;BARRA 1;10;20.30807756;1;True
2;BARRA 2;10;20.30807756;1;False
3;BARRA 3;10;20.30807756;1;False
4;BARRA 4;10;20.30807756;1;False
5;BARRA 5;10;20.30807756;1;False
6;BARRA 6;10;20.30807756;1;False
7;BARRA 7;10;20.30807756;1;False
8;BARRA 8;10;20.30807756;1;False
9;BARRA 9;10;20.30807756;1;False
10;BARRA 10;10;20.30807756;1;False
11;BARRA 11;10;20.30807756;1;False
12;BARRA 12;10;20.30807756;1;False
13;BARRA 13;10;20.30807756;1;False
14;BARRA 14;10;20.30807756;1;False
15;BARRA 15;10;20.30807756;2;False
16;BARRA 16;10;20.30807756;1;False
17;BARRA 17;10;20.30807756;1;False
18;BARRA 18;10;20.30807756;1;False
19;BARRA 19;10;20.30807756;1;False
20;BARRA 20;10;20.30807756;2;False
21;BARRA 21;10;20.30807756;1;False
22;BARRA 22;10;20.30807756;1;False
23;BARRA 23;10;20.30807756;1;False
24;BARRA 24;10;20.30807756;2;False
1;BARRA 1;11;20.69982574;1;True
2;BARRA 2;11;20.69982574;1;False
3;BARRA 3;11;20.69982574;1;False
4;BARRA 4;11;20.69982574;1;False
5;BARRA 5;11;20.69982574;1;False
6;BARRA 6;11;20.69982574;1;False
7;BARRA 7;11;20.69982574;1;False
8;BARRA 8;11;20.69982574;1;False
9;BARRA 9;11;20.69982574;1;False
10;BARRA 10;11;20.69982574;1;False
11;BARRA 11;11;20.69982574;1;False
12;BARRA 12;11;20.69982574;1;False
13;BARRA 13;11;20.69982574;1;False
14;BARRA 14;11;20.69982574;1;False
15;BARRA 15;11;20.69982574;2;False
16;BARRA 16;11;20.69982574;1;False
17;BARRA 17;11;20.69982574;1;False
18;BARRA 18;11;20.69982574;1;False
19;BARRA 19;11;20.69982574;1;False
20;BARRA 20;11;20.69982574;2;False
21;BARRA 21;11;20.69982574;1;False
22;BARRA 22;11;20.69982574;1;False
23;BARRA 23;11;20.69982574;1;False
24;BARRA 24;11;20.69982574;2;False
1;BARRA 1;12;21.36136275;1;True
2;BARRA 2;12;21.36136275;1;False
3;BARRA 3;12;21.36136275;1;False
4;BARRA 4;12;21.36136275;1;False
5;BARRA 5;12;21.36136275;1;False
6;BARRA 6;12;21.36136275;1;False
7;BARRA 7;12;21.36136275;1;False
8;BARRA 8;12;21.36136275;1;False
9;BARRA 9;12;21.36136275;1;False
10;BARRA 10;12;21.36136275;1;False
11;BARRA 11;12;21.36136275;1;False
12;BARRA 12;12;21.36136275;1;False
13;BARRA 13;12;21.36136275;1;False
14;BARRA 14;12;21.36136275;1;False
15;BARRA 15;12;21.36136275;2;False
16;BARRA 16;12;21.36136275;1;False
17;BARRA 17;12;21.36136275;1;False
18;BARRA 18;12;21.36136275;1;False
19;BARRA 19;12;21.36136275;1;False
20;BARRA 20;12;21.36136275;2;False
21;BARRA 21;12;21.36136275;1;False
22;BARRA 22;12;21.36136275;1;False
23;BARRA 23;12;21.36136275;1;False
24;BARRA 24;12;21.36136275;2;False
1;BARRA 1;13;22.10051025;1;True
2;BARRA 2;13;22.10051025;1;False
3;BARRA 3;13;22.10051025;1;False
4;BARRA 4;13;22.10051025;1;False
5;BARRA 5;13;22.10051025;1;False
6;BARRA 6;13;22.10051025;1;False
7;BARRA 7;13;22.10051025;1;False
8;BARRA 8;13;22.10051025;1;False
9;BARRA 9;13;22.10051025;1;False
10;BARRA 10;13;22.10051025;1;False
11;BARRA 11;13;22.10051025;1;False
12;BARRA 12;13;22.10051025;1;False
13;BARRA 13;13;22.10051025;1;False
14;BARRA 14;13;22.10051025;1;False
15;BARRA 15;13;22.10051025;2;False
16;BARRA 16;13;22.10051025;1;False
17;BARRA 17;13;22.10051025;1;False
18;BARRA 18;13;22.10051025;1;False
19;BARRA 19;13;22.10051025;1;False
20;BARRA 20;13;22.10051025;2;False
21;BARRA 21;13;22.10051025;1;False
22;BARRA 22;13;22.10051025;1;False
23;BARRA 23;13;22.10051025;1;False
24;BARRA 24;13;22.10051025;2;False
1;BARRA 1;14;22.28635305;1;True
2;BARRA 2;14;22.28635305;1;False
3;BARRA 3;14;22.28635305;1;False
4;BARRA 4;14;22.28635305;1;False
5;BARRA 5;14;22.28635305;1;False
6;BARRA 6;14;22.28635305;1;False
7;BARRA 7;14;22.28635305;1;False
8;BARRA 8;14;22.28635305;1;False
9;BARRA 9;14;22.28635305;1;False
10;BARRA 10;14;22.28635305;1;False
11;BARRA 11;14;22.28635305;1;False
12;BARRA 12;14;22.28635305;1;False
13;BARRA 13;14;22.28635305;1;False
14;BARRA 14;14;22.28635305;1;False
15;BARRA 15;14;22.28635305;2;False
16;BARRA 16;14;22.28635305;1;False
17;BARRA 17;14;22.28635305;1;False
18;BARRA 18;14;22.28635305;1;False
19;BARRA 19;14;22.28635305;1;False
20;BARRA 20;14;22.28635305;2;False
21;BARRA 21;14;22.28635305;1;False
22;BARRA 22;14;22.28635305;1;False
23;BARRA 23;14;22.28635305;1;False
24;BARRA 24;14;22.28635305;2;False
1;BARRA 1;15;22.90037344;1;True
2;BARRA 2;15;22.90037344;1;False
3;BARRA 3;15;22.90037344;1;False
4;BARRA 4;15;22.90037344;1;False
5;BARRA 5;15;22.90037344;1;False
6;BARRA 6;15;22.90037344;1;False
7;BARRA 7;15;22.90037344;1;False
8;BARRA 8;15;22.90037344;1;False
9;BARRA 9;15;22.90037344;1;False
10;BARRA 10;15;22.90037344;1;False
11;BARRA 11;15;22.90037344;1;False
12;BARRA 12;15;22.90037344;1;False
13;BARRA 13;15;22.90037344;1;False
14;BARRA 14;15;22.90037344;1;False
15;BARRA 15;15;22.90037344;2;False
16;BARRA 16;15;22.90037344;1;False
17;BARRA 17;15;22.90037344;1;False
18;BARRA 18;15;22.90037344;1;False
19;BARRA 19;15;22.90037344;1;False
20;BARRA 20;15;22.90037344;2;False
21;BARRA 21;15;22.90037344;1;False
22;BARRA 22;15;22.90037344;1;False
23;BARRA 23;15;22.90037344;1;False
24;BARRA 24;15;22.90037344;2;False
1;BARRA 1;16;23.51386586;1;True
2;BARRA 2;16;23.51386586;1;False
3;BARRA 3;16;23.51386586;1;False
4;BARRA 4;16;23.51386586;1;False
5;BARRA 5;16;23.51386586;1;False
6;BARRA 6;16;23.51386586;1;False
7;BARRA 7;16;23.51386586;1;False
8;BARRA 8;16;23.51386586;1;False
9;BARRA 9;16;23.51386586;1;False
10;BARRA 10;16;23.51386586;1;False
11;BARRA 11;16;23.51386586;1;False
12;BARRA 12;16;23.51386586;1;False
13;BARRA 13;16;23.51386586;1;False
14;BARRA 14;16;23.51386586;1;False
15;BARRA 15;16;23.51386586;2;False
16;BARRA 16;16;23.51386586;1;False
17;BARRA 17;16;23.51386586;1;False
18;BARRA 18;16;23.51386586;1;False
19;BARRA 19;16;23.51386586;1;False
20;BARRA 20;16;23.51386586;2;False
21;BARRA 21;16;23.51386586;1;False
22;BARRA 22;16;23.51386586;1;False
23;BARRA 23;16;23.51386586;1;False
24;BARRA 24;16;23.51386586;2;False
1;BARRA 1;17;24.10940756;1;True
2;BARRA 2;17;24.10940756;1;False
3;BARRA 3;17;24.10940756;1;False
4;BARRA 4;17;24.10940756;1;False
5;BARRA 5;17;24.10940756;1;False
6;BARRA 6;17;24.10940756;1;False
7;BARRA 7;17;24.10940756;1;False
8;BARRA 8;17;24.10940756;1;False
9;BARRA 9;17;24.10940756;1;False
10;BARRA 10;17;24.10940756;1;False
11;BARRA 11;17;24.10940756;1;False
12;BARRA 12;17;24.10940756;1;False
13;BARRA 13;17;24.10940756;1;False
14;BARRA 14;17;24.10940756;1;False
15;BARRA 15;17;24.10940756;2;False
16;BARRA 16;17;24.10940756;1;False
17;BARRA 17;17;24.10940756;1;False
18;BARRA 18;17;24.10940756;1;False
19;BARRA 19;17;24.10940756;1;False
20;BARRA 20;17;24.10940756;2;False
21;BARRA 21;17;24.10940756;1;False
22;BARRA 22;17;24.10940756;1;False
23;BARRA 23;17;24.10940756;1;False
24;BARRA 24;17;24.10940756;2;False
1;BARRA 1;18;24.67010374;1;True
2;BARRA 2;18;24.67010374;1;False
3;BARRA 3;18;24.67010374;1;False
4;BARRA 4;18;24.67010374;1;False
5;BARRA 5;18;24.67010374;1;False
6;BARRA 6;18;24.67010374;1;False
7;BARRA 7;18;24.67010374;1;False
8;BARRA 8;18;24.67010374;1;False
9;BARRA 9;18;24.67010374;1;False
10;BARRA 10;18;24.67010374;1;False
11;BARRA 11;18;24.67010374;1;False
12;BARRA 12;18;24.67010374;1;False
13;BARRA 13;18;24.67010374;1;False
14;BARRA 14;18;24.67010374;1;False
15;BARRA 15;18;24.67010374;2;False
16;BARRA 16;18;24.67010374;1;False
17;BARRA 17;18;24.67010374;1;False
18;BARRA 18;18;24.67010374;1;False
19;BARRA 19;18;24.67010374;1;False
20;BARRA 20;18;24.67010374;2;False
21;BARRA 21;18;24.67010374;1;False
22;BARRA 22;18;24.67010374;1;False
23;BARRA 23;18;24.67010374;1;False
24;BARRA 24;18;24.67010374;2;False
1;BARRA 1;19;25.0549884;1;True
2;BARRA 2;19;25.0549884;1;False
3;BARRA 3;19;25.0549884;1;False
4;BARRA 4;19;25.0549884;1;False
5;BARRA 5;19;25.0549884;1;False
6;BARRA 6;19;25.0549884;1;False
7;BARRA 7;19;25.0549884;1;False
8;BARRA 8;19;25.0549884;1;False
9;BARRA 9;19;25.0549884;1;False
10;BARRA 10;19;25.0549884;1;False
11;BARRA 11;19;25.0549884;1;False
12;BARRA 12;19;25.0549884;1;False
13;BARRA 13;19;25.0549884;1;False
14;BARRA 14;19;25.0549884;1;False
15;BARRA 15;19;25.0549884;2;False
16;BARRA 16;19;25.0549884;1;False
17;BARRA 17;19;25.0549884;1;False
18;BARRA 18;19;25.0549884;1;False
19;BARRA 19;19;25.0549884;1;False
20;BARRA 20;19;25.0549884;2;False
21;BARRA 21;19;25.0549884;1;False
22;BARRA 22;19;25.0549884;1;False
23;BARRA 23;19;25.0549884;1;False
24;BARRA 24;19;25.0549884;2;False
1;BARRA 1;20;25.4477925;1;True
2;BARRA 2;20;25.4477925;1;False
3;BARRA 3;20;25.4477925;1;False
4;BARRA 4;20;25.4477925;1;False
5;BARRA 5;20;25.4477925;1;False
6;BARRA 6;20;25.4477925;1;False
7;BARRA 7;20;25.4477925;1;False
8;BARRA 8;20;25.4477925;1;False
9;BARRA 9;20;25.4477925;1;False
10;BARRA 10;20;25.4477925;1;False
11;BARRA 11;20;25.4477925;1;False
12;BARRA 12;20;25.4477925;1;False
13;BARRA 13;20;25.4477925;1;False
14;BARRA 14;20;25.4477925;1;False
15;BARRA 15;20;25.4477925;2;False
16;BARRA 16;20;25.4477925;1;False
17;BARRA 17;20;25.4477925;1;False
18;BARRA 18;20;25.4477925;1;False
19;BARRA 19;20;25.4477925;1;False
20;BARRA 20;20;25.4477925;2;False
21;BARRA 21;20;25.4477925;1;False
22;BARRA 22;20;25.4477925;1;False
23;BARRA 23;20;25.4477925;1;False
24;BARRA 24;20;25.4477925;2;False
1;BARRA 1;21;25.95833224;1;True
2;BARRA 2;21;25.95833224;1;False
3;BARRA 3;21;25.95833224;1;False
4;BARRA 4;21;25.95833224;1;False
5;BARRA 5;21;25.95833224;1;False
6;BARRA 6;21;25.95833224;1;False
7;BARRA 7;21;25.95833224;1;False
8;BARRA 8;21;25.95833224;1;False
9;BARRA 9;21;25.95833224;1;False
10;BARRA 10;21;25.95833224;1;False
11;BARRA 11;21;25.95833224;1;False
12;BARRA 12;21;25.95833224;1;False
13;BARRA 13;21;25.95833224;1;False
14;BARRA 14;21;25.95833224;1;False
15;BARRA 15;21;25.95833224;2;False
16;BARRA 16;21;25.95833224;1;False
17;BARRA 17;21;25.95833224;1;False
18;BARRA 18;21;25.95833224;1;False
19;BARRA 19;21;25.95833224;1;False
20;BARRA 20;21;25.95833224;2;False
21;BARRA 21;21;25.95833224;1;False
22;BARRA 22;21;25.95833224;1;False
23;BARRA 23;21;25.95833224;1;False
24;BARRA 24;21;25.95833224;2;False
1;BARRA 1;22;26.28883676;1;True
2;BARRA 2;22;26.28883676;1;False
3;BARRA 3;22;26.28883676;1;False
4;BARRA 4;22;26.28883676;1;False
5;BARRA 5;22;26.28883676;1;False
6;BARRA 6;22;26.28883676;1;False
7;BARRA 7;22;26.28883676;1;False
8;BARRA 8;22;26.28883676;1;False
9;BARRA 9;22;26.28883676;1;False
10;BARRA 10;22;26.28883676;1;False
11;BARRA 11;22;26.28883676;1;False
12;BARRA 12;22;26.28883676;1;False
13;BARRA 13;22;26.28883676;1;False
14;BARRA 14;22;26.28883676;1;False
15;BARRA 15;22;26.28883676;2;False
16;BARRA 16;22;26.28883676;1;False
17;BARRA 17;22;26.28883676;1;False
18;BARRA 18;22;26.28883676;1;False
19;BARRA 19;22;26.28883676;1;False
20;BARRA 20;22;26.28883676;2;False
21;BARRA 21;22;26.28883676;1;False
22;BARRA 22;22;26.28883676;1;False
23;BARRA 23;22;26.28883676;1;False
24;BARRA 24;22;26.28883676;2;False
1;BARRA 1;23;26.49632603;1;True
2;BARRA 2;23;26.49632603;1;False
3;BARRA 3;23;26.49632603;1;False
4;BARRA 4;23;26.49632603;1;False
5;BARRA 5;23;26.49632603;1;False
6;BARRA 6;23;26.49632603;1;False
7;BARRA 7;23;26.49632603;1;False
8;BARRA 8;23;26.49632603;1;False
9;BARRA 9;23;26.49632603;1;False
10;BARRA 10;23;26.49632603;1;False
11;BARRA 11;23;26.49632603;1;False
12;BARRA 12;23;26.49632603;1;False
13;BARRA 13;23;26.49632603;1;False
14;BARRA 14;23;26.49632603;1;False
15;BARRA 15;23;26.49632603;2;False
16;BARRA 16;23;26.49632603;1;False
17;BARRA 17;23;26.49632603;1;False
18;BARRA 18;23;26.49632603;1;False
19;BARRA 19;23;26.49632603;1;False
20;BARRA 20;23;26.49632603;2;False
21;BARRA 21;23;26.49632603;1;False
22;BARRA 22;23;26.49632603;1;False
23;BARRA 23;23;26.49632603;1;False
24;BARRA 24;23;26.49632603;2;False
1;BARRA 1;24;26.63412424;1;True
2;BARRA 2;24;26.63412424;1;False
3;BARRA 3;24;26.63412424;1;False
4;BARRA 4;24;26.63412424;1;False
5;BARRA 5;24;26.63412424;1;False
6;BARRA 6;24;26.63412424;1;False
7;BARRA 7;24;26.63412424;1;False
8;BARRA 8;24;26.63412424;1;False
9;BARRA 9;24;26.63412424;1;False
10;BARRA 10;24;26.63412424;1;False
11;BARRA 11;24;26.63412424;1;False
12;BARRA 12;24;26.63412424;1;False
13;BARRA 13;24;26.63412424;1;False
14;BARRA 14;24;26.63412424;1;False
15;BARRA 15;24;26.63412424;2;False
16;BARRA 16;24;26.63412424;1;False
17;BARRA 17;24;26.63412424;1;False
18;BARRA 18;24;26.63412424;1;False
19;BARRA 19;24;26.63412424;1;False
20;BARRA 20;24;26.63412424;2;False
21;BARRA 21;24;26.63412424;1;False
22;BARRA 22;24;26.63412424;1;False
23;BARRA 23;24;26.63412424;1;False
24;BARRA 24;24;26.63412424;2;False
1;BARRA 1;25;26.49368621;1;True
2;BARRA 2;25;26.49368621;1;False
3;BARRA 3;25;26.49368621;1;False
4;BARRA 4;25;26.49368621;1;False
5;BARRA 5;25;26.49368621;1;False
6;BARRA 6;25;26.49368621;1;False
7;BARRA 7;25;26.49368621;1;False
8;BARRA 8;25;26.49368621;1;False
9;BARRA 9;25;26.49368621;1;False
10;BARRA 10;25;26.49368621;1;False
11;BARRA 11;25;26.49368621;1;False
12;BARRA 12;25;26.49368621;1;False
13;BARRA 13;25;26.49368621;1;False
14;BARRA 14;25;26.49368621;1;False
15;BARRA 15;25;26.49368621;2;False
16;BARRA 16;25;26.49368621;1;False
17;BARRA 17;25;26.49368621;1;False
18;BARRA 18;25;26.49368621;1;False
19;BARRA 19;25;26.49368621;1;False
20;BARRA 20;25;26.49368621;2;False
21;BARRA 21;25;26.49368621;1;False
22;BARRA 22;25;26.49368621;1;False
23;BARRA 23;25;26.49368621;1;False
24;BARRA 24;25;26.49368621;2;False
1;BARRA 1;26;26.28725288;1;True
2;BARRA 2;26;26.28725288;1;False
3;BARRA 3;26;26.28725288;1;False
4;BARRA 4;26;26.28725288;1;False
5;BARRA 5;26;26.28725288;1;False
6;BARRA 6;26;26.28725288;1;False
7;BARRA 7;26;26.28725288;1;False
8;BARRA 8;26;26.28725288;1;False
9;BARRA 9;26;26.28725288;1;False
10;BARRA 10;26;26.28725288;1;False
11;BARRA 11;26;26.28725288;1;False
12;BARRA 12;26;26.28725288;1;False
13;BARRA 13;26;26.28725288;1;False
14;BARRA 14;26;26.28725288;1;False
15;BARRA 15;26;26.28725288;2;False
16;BARRA 16;26;26.28725288;1;False
17;BARRA 17;26;26.28725288;1;False
18;BARRA 18;26;26.28725288;1;False
19;BARRA 19;26;26.28725288;1;False
20;BARRA 20;26;26.28725288;2;False
21;BARRA 21;26;26.28725288;1;False
22;BARRA 22;26;26.28725288;1;False
23;BARRA 23;26;26.28725288;1;False
24;BARRA 24;26;26.28725288;2;False
1;BARRA 1;27;26.69114419;1;True
2;BARRA 2;27;26.69114419;1;False
3;BARRA 3;27;26.69114419;1;False
4;BARRA 4;27;26.69114419;1;False
5;BARRA 5;27;26.69114419;1;False
6;BARRA 6;27;26.69114419;1;False
7;BARRA 7;27;26.69114419;1;False
8;BARRA 8;27;26.69114419;1;False
9;BARRA 9;27;26.69114419;1;False
10;BARRA 10;27;26.69114419;1;False
11;BARRA 11;27;26.69114419;1;False
12;BARRA 12;27;26.69114419;1;False
13;BARRA 13;27;26.69114419;1;False
14;BARRA 14;27;26.69114419;1;False
15;BARRA 15;27;26.69114419;2;False
16;BARRA 16;27;26.69114419;1;False
17;BARRA 17;27;26.69114419;1;False
18;BARRA 18;27;26.69114419;1;False
19;BARRA 19;27;26.69114419;1;False
20;BARRA 20;27;26.69114419;2;False
21;BARRA 21;27;26.69114419;1;False
22;BARRA 22;27;26.69114419;1;False
23;BARRA 23;27;26.69114419;1;False
24;BARRA 24;27;26.69114419;2;False
1;BARRA 1;28;27.00317003;1;True
2;BARRA 2;28;27.00317003;1;False
3;BARRA 3;28;27.00317003;1;False
4;BARRA 4;28;27.00317003;1;False
5;BARRA 5;28;27.00317003;1;False
6;BARRA 6;28;27.00317003;1;False
7;BARRA 7;28;27.00317003;1;False
8;BARRA 8;28;27.00317003;1;False
9;BARRA 9;28;27.00317003;1;False
10;BARRA 10;28;27.00317003;1;False
11;BARRA 11;28;27.00317003;1;False
12;BARRA 12;28;27.00317003;1;False
13;BARRA 13;28;27.00317003;1;False
14;BARRA 14;28;27.00317003;1;False
15;BARRA 15;28;27.00317003;2;False
16;BARRA 16;28;27.00317003;1;False
17;BARRA 17;28;27.00317003;1;False
18;BARRA 18;28;27.00317003;1;False
19;BARRA 19;28;27.00317003;1;False
20;BARRA 20;28;27.00317003;2;False
21;BARRA 21;28;27.00317003;1;False
22;BARRA 22;28;27.00317003;1;False
23;BARRA 23;28;27.00317003;1;False
24;BARRA 24;28;27.00317003;2;False
1;BARRA 1;29;27.30991624;1;True
2;BARRA 2;29;27.30991624;1;False
3;BARRA 3;29;27.30991624;1;False
4;BARRA 4;29;27.30991624;1;False
5;BARRA 5;29;27.30991624;1;False
6;BARRA 6;29;27.30991624;1;False
7;BARRA 7;29;27.30991624;1;False
8;BARRA 8;29;27.30991624;1;False
9;BARRA 9;29;27.30991624;1;False
10;BARRA 10;29;27.30991624;1;False
11;BARRA 11;29;27.30991624;1;False
12;BARRA 12;29;27.30991624;1;False
13;BARRA 13;29;27.30991624;1;False
14;BARRA 14;29;27.30991624;1;False
15;BARRA 15;29;27.30991624;2;False
16;BARRA 16;29;27.30991624;1;False
17;BARRA 17;29;27.30991624;1;False
18;BARRA 18;29;27.30991624;1;False
19;BARRA 19;29;27.30991624;1;False
20;BARRA 20;29;27.30991624;2;False
21;BARRA 21;29;27.30991624;1;False
22;BARRA 22;29;27.30991624;1;False
23;BARRA 23;29;27.30991624;1;False
24;BARRA 24;29;27.30991624;2;False
1;BARRA 1;30;27.44401871;1;True
2;BARRA 2;30;27.44401871;1;False
3;BARRA 3;30;27.44401871;1;False
4;BARRA 4;30;27.44401871;1;False
5;BARRA 5;30;27.44401871;1;False
6;BARRA 6;30;27.44401871;1;False
7;BARRA 7;30;27.44401871;1;False
8;BARRA 8;30;27.44401871;1;False
9;BARRA 9;30;27.44401871;1;False
10;BARRA 10;30;27.44401871;1;False
11;BARRA 11;30;27.44401871;1;False
12;BARRA 12;30;27.44401871;1;False
13;BARRA 13;30;27.44401871;1;False
14;BARRA 14;30;27.44401871;1;False
15;BARRA 15;30;27.44401871;2;False
16;BARRA 16;30;27.44401871;1;False
17;BARRA 17;30;27.44401871;1;False
18;BARRA 18;30;27.44401871;1;False
19;BARRA 19;30;27.44401871;1;False
20;BARRA 20;30;27.44401871;2;False
21;BARRA 21;30;27.44401871;1;False
22;BARRA 22;30;27.44401871;1;False
23;BARRA 23;30;27.44401871;1;False
24;BARRA 24;30;27.44401871;2;False
1;BARRA 1;31;27.53957993;1;True
2;BARRA 2;31;27.53957993;1;False
3;BARRA 3;31;27.53957993;1;False
4;BARRA 4;31;27.53957993;1;False
5;BARRA 5;31;27.53957993;1;False
6;BARRA 6;31;27.53957993;1;False
7;BARRA 7;31;27.53957993;1;False
8;BARRA 8;31;27.53957993;1;False
9;BARRA 9;31;27.53957993;1;False
10;BARRA 10;31;27.53957993;1;False
11;BARRA 11;31;27.53957993;1;False
12;BARRA 12;31;27.53957993;1;False
13;BARRA 13;31;27.53957993;1;False
14;BARRA 14;31;27.53957993;1;False
15;BARRA 15;31;27.53957993;2;False
16;BARRA 16;31;27.53957993;1;False
17;BARRA 17;31;27.53957993;1;False
18;BARRA 18;31;27.53957993;1;False
19;BARRA 19;31;27.53957993;1;False
20;BARRA 20;31;27.53957993;2;False
21;BARRA 21;31;27.53957993;1;False
22;BARRA 22;31;27.53957993;1;False
23;BARRA 23;31;27.53957993;1;False
24;BARRA 24;31;27.53957993;2;False
1;BARRA 1;32;27.61191079;1;True
2;BARRA 2;32;27.61191079;1;False
3;BARRA 3;32;27.61191079;1;False
4;BARRA 4;32;27.61191079;1;False
5;BARRA 5;32;27.61191079;1;False
6;BARRA 6;32;27.61191079;1;False
7;BARRA 7;32;27.61191079;1;False
8;BARRA 8;32;27.61191079;1;False
9;BARRA 9;32;27.61191079;1;False
10;BARRA 10;32;27.61191079;1;False
11;BARRA 11;32;27.61191079;1;False
12;BARRA 12;32;27.61191079;1;False
13;BARRA 13;32;27.61191079;1;False
14;BARRA 14;32;27.61191079;1;False
15;BARRA 15;32;27.61191079;2;False
16;BARRA 16;32;27.61191079;1;False
17;BARRA 17;32;27.61191079;1;False
18;BARRA 18;32;27.61191079;1;False
19;BARRA 19;32;27.61191079;1;False
20;BARRA 20;32;27.61191079;2;False
21;BARRA 21;32;27.61191079;1;False
22;BARRA 22;32;27.61191079;1;False
23;BARRA 23;32;27.61191079;1;False
24;BARRA 24;32;27.61191079;2;False
1;BARRA 1;33;27.51370976;1;True
2;BARRA 2;33;27.51370976;1;False
3;BARRA 3;33;27.51370976;1;False
4;BARRA 4;33;27.51370976;1;False
5;BARRA 5;33;27.51370976;1;False
6;BARRA 6;33;27.51370976;1;False
7;BARRA 7;33;27.51370976;1;False
8;BARRA 8;33;27.51370976;1;False
9;BARRA 9;33;27.51370976;1;False
10;BARRA 10;33;27.51370976;1;False
11;BARRA 11;33;27.51370976;1;False
12;BARRA 12;33;27.51370976;1;False
13;BARRA 13;33;27.51370976;1;False
14;BARRA 14;33;27.51370976;1;False
15;BARRA 15;33;27.51370976;2;False
16;BARRA 16;33;27.51370976;1;False
17;BARRA 17;33;27.51370976;1;False
18;BARRA 18;33;27.51370976;1;False
19;BARRA 19;33;27.51370976;1;False
20;BARRA 20;33;27.51370976;2;False
21;BARRA 21;33;27.51370976;1;False
22;BARRA 22;33;27.51370976;1;False
23;BARRA 23;33;27.51370976;1;False
24;BARRA 24;33;27.51370976;2;False
1;BARRA 1;34;27.41075708;1;True
2;BARRA 2;34;27.41075708;1;False
3;BARRA 3;34;27.41075708;1;False
4;BARRA 4;34;27.41075708;1;False
5;BARRA 5;34;27.41075708;1;False
6;BARRA 6;34;27.41075708;1;False
7;BARRA 7;34;27.41075708;1;False
8;BARRA 8;34;27.41075708;1;False
9;BARRA 9;34;27.41075708;1;False
10;BARRA 10;34;27.41075708;1;False
11;BARRA 11;34;27.41075708;1;False
12;BARRA 12;34;27.41075708;1;False
13;BARRA 13;34;27.41075708;1;False
14;BARRA 14;34;27.41075708;1;False
15;BARRA 15;34;27.41075708;2;False
16;BARRA 16;34;27.41075708;1;False
17;BARRA 17;34;27.41075708;1;False
18;BARRA 18;34;27.41075708;1;False
19;BARRA 19;34;27.41075708;1;False
20;BARRA 20;34;27.41075708;2;False
21;BARRA 21;34;27.41075708;1;False
22;BARRA 22;34;27.41075708;1;False
23;BARRA 23;34;27.41075708;1;False
24;BARRA 24;34;27.41075708;2;False
1;BARRA 1;35;26.96885246;1;True
2;BARRA 2;35;26.96885246;1;False
3;BARRA 3;35;26.96885246;1;False
4;BARRA 4;35;26.96885246;1;False
5;BARRA 5;35;26.96885246;1;False
6;BARRA 6;35;26.96885246;1;False
7;BARRA 7;35;26.96885246;1;False
8;BARRA 8;35;26.96885246;1;False
9;BARRA 9;35;26.96885246;1;False
10;BARRA 10;35;26.96885246;1;False
11;BARRA 11;35;26.96885246;1;False
12;BARRA 12;35;26.96885246;1;False
13;BARRA 13;35;26.96885246;1;False
14;BARRA 14;35;26.96885246;1;False
15;BARRA 15;35;26.96885246;2;False
16;BARRA 16;35;26.96885246;1;False
17;BARRA 17;35;26.96885246;1;False
18;BARRA 18;35;26.96885246;1;False
19;BARRA 19;35;26.96885246;1;False
20;BARRA 20;35;26.96885246;2;False
21;BARRA 21;35;26.96885246;1;False
22;BARRA 22;35;26.96885246;1;False
23;BARRA 23;35;26.96885246;1;False
24;BARRA 24;35;26.96885246;2;False
1;BARRA 1;36;27.19429245;1;True
2;BARRA 2;36;27.19429245;1;False
3;BARRA 3;36;27.19429245;1;False
4;BARRA 4;36;27.19429245;1;False
5;BARRA 5;36;27.19429245;1;False
6;BARRA 6;36;27.19429245;1;False
7;BARRA 7;36;27.19429245;1;False
8;BARRA 8;36;27.19429245;1;False
9;BARRA 9;36;27.19429245;1;False
10;BARRA 10;36;27.19429245;1;False
11;BARRA 11;36;27.19429245;1;False
12;BARRA 12;36;27.19429245;1;False
13;BARRA 13;36;27.19429245;1;False
14;BARRA 14;36;27.19429245;1;False
15;BARRA 15;36;27.19429245;2;False
16;BARRA 16;36;27.19429245;1;False
17;BARRA 17;36;27.19429245;1;False
18;BARRA 18;36;27.19429245;1;False
19;BARRA 19;36;27.19429245;1;False
20;BARRA 20;36;27.19429245;2;False
21;BARRA 21;36;27.19429245;1;False
22;BARRA 22;36;27.19429245;1;False
23;BARRA 23;36;27.19429245;1;False
24;BARRA 24;36;27.19429245;2;False
1;BARRA 1;37;27.76871565;1;True
2;BARRA 2;37;27.76871565;1;False
3;BARRA 3;37;27.76871565;1;False
4;BARRA 4;37;27.76871565;1;False
5;BARRA 5;37;27.76871565;1;False
6;BARRA 6;37;27.76871565;1;False
7;BARRA 7;37;27.76871565;1;False
8;BARRA 8;37;27.76871565;1;False
9;BARRA 9;37;27.76871565;1;False
10;BARRA 10;37;27.76871565;1;False
11;BARRA 11;37;27.76871565;1;False
12;BARRA 12;37;27.76871565;1;False
13;BARRA 13;37;27.76871565;1;False
14;BARRA 14;37;27.76871565;1;False
15;BARRA 15;37;27.76871565;2;False
16;BARRA 16;37;27.76871565;1;False
17;BARRA 17;37;27.76871565;1;False
18;BARRA 18;37;27.76871565;1;False
19;BARRA 19;37;27.76871565;1;False
20;BARRA 20;37;27.76871565;2;False
21;BARRA 21;37;27.76871565;1;False
22;BARRA 22;37;27.76871565;1;False
23;BARRA 23;37;27.76871565;1;False
24;BARRA 24;37;27.76871565;2;False
1;BARRA 1;38;28.20375675;1;True
2;BARRA 2;38;28.20375675;1;False
3;BARRA 3;38;28.20375675;1;False
4;BARRA 4;38;28.20375675;1;False
5;BARRA 5;38;28.20375675;1;False
6;BARRA 6;38;28.20375675;1;False
7;BARRA 7;38;28.20375675;1;False
8;BARRA 8;38;28.20375675;1;False
9;BARRA 9;38;28.20375675;1;False
10;BARRA 10;38;28.20375675;1;False
11;BARRA 11;38;28.20375675;1;False
12;BARRA 12;38;28.20375675;1;False
13;BARRA 13;38;28.20375675;1;False
14;BARRA 14;38;28.20375675;1;False
15;BARRA 15;38;28.20375675;2;False
16;BARRA 16;38;28.20375675;1;False
17;BARRA 17;38;28.20375675;1;False
18;BARRA 18;38;28.20375675;1;False
19;BARRA 19;38;28.20375675;1;False
20;BARRA 20;38;28.20375675;2;False
21;BARRA 21;38;28.20375675;1;False
22;BARRA 22;38;28.20375675;1;False
23;BARRA 23;38;28.20375675;1;False
24;BARRA 24;38;28.20375675;2;False
1;BARRA 1;39;28.1044998;1;True
2;BARRA 2;39;28.1044998;1;False
3;BARRA 3;39;28.1044998;1;False
4;BARRA 4;39;28.1044998;1;False
5;BARRA 5;39;28.1044998;1;False
6;BARRA 6;39;28.1044998;1;False
7;BARRA 7;39;28.1044998;1;False
8;BARRA 8;39;28.1044998;1;False
9;BARRA 9;39;28.1044998;1;False
10;BARRA 10;39;28.1044998;1;False
11;BARRA 11;39;28.1044998;1;False
12;BARRA 12;39;28.1044998;1;False
13;BARRA 13;39;28.1044998;1;False
14;BARRA 14;39;28.1044998;1;False
15;BARRA 15;39;28.1044998;2;False
16;BARRA 16;39;28.1044998;1;False
17;BARRA 17;39;28.1044998;1;False
18;BARRA 18;39;28.1044998;1;False
19;BARRA 19;39;28.1044998;1;False
20;BARRA 20;39;28.1044998;2;False
21;BARRA 21;39;28.1044998;1;False
22;BARRA 22;39;28.1044998;1;False
23;BARRA 23;39;28.1044998;1;False
24;BARRA 24;39;28.1044998;2;False
1;BARRA 1;40;27.6948009;1;True
2;BARRA 2;40;27.6948009;1;False
3;BARRA 3;40;27.6948009;1;False
4;BARRA 4;40;27.6948009;1;False
5;BARRA 5;40;27.6948009;1;False
6;BARRA 6;40;27.6948009;1;False
7;BARRA 7;40;27.6948009;1;False
8;BARRA 8;40;27.6948009;1;False
9;BARRA 9;40;27.6948009;1;False
10;BARRA 10;40;27.6948009;1;False
11;BARRA 11;40;27.6948009;1;False
12;BARRA 12;40;27.6948009;1;False
13;BARRA 13;40;27.6948009;1;False
14;BARRA 14;40;27.6948009;1;False
15;BARRA 15;40;27.6948009;2;False
16;BARRA 16;40;27.6948009;1;False
17;BARRA 17;40;27.6948009;1;False
18;BARRA 18;40;27.6948009;1;False
19;BARRA 19;40;27.6948009;1;False
20;BARRA 20;40;27.6948009;2;False
21;BARRA 21;40;27.6948009;1;False
22;BARRA 22;40;27.6948009;1;False
23;BARRA 23;40;27.6948009;1;False
24;BARRA 24;40;27.6948009;2;False
1;BARRA 1;41;27.33684233;1;True
2;BARRA 2;41;27.33684233;1;False
3;BARRA 3;41;27.33684233;1;False
4;BARRA 4;41;27.33684233;1;False
5;BARRA 5;41;27.33684233;1;False
6;BARRA 6;41;27.33684233;1;False
7;BARRA 7;41;27.33684233;1;False
8;BARRA 8;41;27.33684233;1;False
9;BARRA 9;41;27.33684233;1;False
10;BARRA 10;41;27.33684233;1;False
11;BARRA 11;41;27.33684233;1;False
12;BARRA 12;41;27.33684233;1;False
13;BARRA 13;41;27.33684233;1;False
14;BARRA 14;41;27.33684233;1;False
15;BARRA 15;41;27.33684233;2;False
16;BARRA 16;41;27.33684233;1;False
17;BARRA 17;41;27.33684233;1;False
18;BARRA 18;41;27.33684233;1;False
19;BARRA 19;41;27.33684233;1;False
20;BARRA 20;41;27.33684233;2;False
21;BARRA 21;41;27.33684233;1;False
22;BARRA 22;41;27.33684233;1;False
23;BARRA 23;41;27.33684233;1;False
24;BARRA 24;41;27.33684233;2;False
1;BARRA 1;42;27.20168393;1;True
2;BARRA 2;42;27.20168393;1;False
3;BARRA 3;42;27.20168393;1;False
4;BARRA 4;42;27.20168393;1;False
5;BARRA 5;42;27.20168393;1;False
6;BARRA 6;42;27.20168393;1;False
7;BARRA 7;42;27.20168393;1;False
8;BARRA 8;42;27.20168393;1;False
9;BARRA 9;42;27.20168393;1;False
10;BARRA 10;42;27.20168393;1;False
11;BARRA 11;42;27.20168393;1;False
12;BARRA 12;42;27.20168393;1;False
13;BARRA 13;42;27.20168393;1;False
14;BARRA 14;42;27.20168393;1;False
15;BARRA 15;42;27.20168393;2;False
16;BARRA 16;42;27.20168393;1;False
17;BARRA 17;42;27.20168393;1;False
18;BARRA 18;42;27.20168393;1;False
19;BARRA 19;42;27.20168393;1;False
20;BARRA 20;42;27.20168393;2;False
21;BARRA 21;42;27.20168393;1;False
22;BARRA 22;42;27.20168393;1;False
23;BARRA 23;42;27.20168393;1;False
24;BARRA 24;42;27.20168393;2;False
1;BARRA 1;43;26.97571598;1;True
2;BARRA 2;43;26.97571598;1;False
3;BARRA 3;43;26.97571598;1;False
4;BARRA 4;43;26.97571598;1;False
5;BARRA 5;43;26.97571598;1;False
6;BARRA 6;43;26.97571598;1;False
7;BARRA 7;43;26.97571598;1;False
8;BARRA 8;43;26.97571598;1;False
9;BARRA 9;43;26.97571598;1;False
10;BARRA 10;43;26.97571598;1;False
11;BARRA 11;43;26.97571598;1;False
12;BARRA 12;43;26.97571598;1;False
13;BARRA 13;43;26.97571598;1;False
14;BARRA 14;43;26.97571598;1;False
15;BARRA 15;43;26.97571598;2;False
16;BARRA 16;43;26.97571598;1;False
17;BARRA 17;43;26.97571598;1;False
18;BARRA 18;43;26.97571598;1;False
19;BARRA 19;43;26.97571598;1;False
20;BARRA 20;43;26.97571598;2;False
21;BARRA 21;43;26.97571598;1;False
22;BARRA 22;43;26.97571598;1;False
23;BARRA 23;43;26.97571598;1;False
24;BARRA 24;43;26.97571598;2;False
1;BARRA 1;44;26.57182466;1;True
2;BARRA 2;44;26.57182466;1;False
3;BARRA 3;44;26.57182466;1;False
4;BARRA 4;44;26.57182466;1;False
5;BARRA 5;44;26.57182466;1;False
6;BARRA 6;44;26.57182466;1;False
7;BARRA 7;44;26.57182466;1;False
8;BARRA 8;44;26.57182466;1;False
9;BARRA 9;44;26.57182466;1;False
10;BARRA 10;44;26.57182466;1;False
11;BARRA 11;44;26.57182466;1;False
12;BARRA 12;44;26.57182466;1;False
13;BARRA 13;44;26.57182466;1;False
14;BARRA 14;44;26.57182466;1;False
15;BARRA 15;44;26.57182466;2;False
16;BARRA 16;44;26.57182466;1;False
17;BARRA 17;44;26.57182466;1;False
18;BARRA 18;44;26.57182466;1;False
19;BARRA 19;44;26.57182466;1;False
20;BARRA 20;44;26.57182466;2;False
21;BARRA 21;44;26.57182466;1;False
22;BARRA 22;44;26.57182466;1;False
23;BARRA 23;44;26.57182466;1;False
24;BARRA 24;44;26.57182466;2;False
1;BARRA 1;45;26.04966975;1;True
2;BARRA 2;45;26.04966975;1;False
3;BARRA 3;45;26.04966975;1;False
4;BARRA 4;45;26.04966975;1;False
5;BARRA 5;45;26.04966975;1;False
6;BARRA 6;45;26.04966975;1;False
7;BARRA 7;45;26.04966975;1;False
8;BARRA 8;45;26.04966975;1;False
9;BARRA 9;45;26.04966975;1;False
10;BARRA 10;45;26.04966975;1;False
11;BARRA 11;45;26.04966975;1;False
12;BARRA 12;45;26.04966975;1;False
13;BARRA 13;45;26.04966975;1;False
14;BARRA 14;45;26.04966975;1;False
15;BARRA 15;45;26.04966975;2;False
16;BARRA 16;45;26.04966975;1;False
17;BARRA 17;45;26.04966975;1;False
18;BARRA 18;45;26.04966975;1;False
19;BARRA 19;45;26.04966975;1;False
20;BARRA 20;45;26.04966975;2;False
21;BARRA 21;45;26.04966975;1;False
22;BARRA 22;45;26.04966975;1;False
23;BARRA 23;45;26.04966975;1;False
24;BARRA 24;45;26.04966975;2;False
1;BARRA 1;46;25.50798023;1;True
2;BARRA 2;46;25.50798023;1;False
3;BARRA 3;46;25.50798023;1;False
4;BARRA 4;46;25.50798023;1;False
5;BARRA 5;46;25.50798023;1;False
6;BARRA 6;46;25.50798023;1;False
7;BARRA 7;46;25.50798023;1;False
8;BARRA 8;46;25.50798023;1;False
9;BARRA 9;46;25.50798023;1;False
10;BARRA 10;46;25.50798023;1;False
11;BARRA 11;46;25.50798023;1;False
12;BARRA 12;46;25.50798023;1;False
13;BARRA 13;46;25.50798023;1;False
14;BARRA 14;46;25.50798023;1;False
15;BARRA 15;46;25.50798023;2;False
16;BARRA 16;46;25.50798023;1;False
17;BARRA 17;46;25.50798023;1;False
18;BARRA 18;46;25.50798023;1;False
19;BARRA 19;46;25.50798023;1;False
20;BARRA 20;46;25.50798023;2;False
21;BARRA 21;46;25.50798023;1;False
22;BARRA 22;46;25.50798023;1;False
23;BARRA 23;46;25.50798023;1;False
24;BARRA 24;46;25.50798023;2;False
1;BARRA 1;47;24.83430008;1;True
2;BARRA 2;47;24.83430008;1;False
3;BARRA 3;47;24.83430008;1;False
4;BARRA 4;47;24.83430008;1;False
5;BARRA 5;47;24.83430008;1;False
6;BARRA 6;47;24.83430008;1;False
7;BARRA 7;47;24.83430008;1;False
8;BARRA 8;47;24.83430008;1;False
9;BARRA 9;47;24.83430008;1;False
10;BARRA 10;47;24.83430008;1;False
11;BARRA 11;47;24.83430008;1;False
12;BARRA 12;47;24.83430008;1;False
13;BARRA 13;47;24.83430008;1;False
14;BARRA 14;47;24.83430008;1;False
15;BARRA 15;47;24.83430008;2;False
16;BARRA 16;47;24.83430008;1;False
17;BARRA 17;47;24.83430008;1;False
18;BARRA 18;47;24.83430008;1;False
19;BARRA 19;47;24.83430008;1;False
20;BARRA 20;47;24.83430008;2;False
21;BARRA 21;47;24.83430008;1;False
22;BARRA 22;47;24.83430008;1;False
23;BARRA 23;47;24.83430008;1;False
24;BARRA 24;47;24.83430008;2;False
1;BARRA 1;48;23.94626715;1;True
2;BARRA 2;48;23.94626715;1;False
3;BARRA 3;48;23.94626715;1;False
4;BARRA 4;48;23.94626715;1;False
5;BARRA 5;48;23.94626715;1;False
6;BARRA 6;48;23.94626715;1;False
7;BARRA 7;48;23.94626715;1;False
8;BARRA 8;48;23.94626715;1;False
9;BARRA 9;48;23.94626715;1;False
10;BARRA 10;48;23.94626715;1;False
11;BARRA 11;48;23.94626715;1;False
12;BARRA 12;48;23.94626715;1;False
13;BARRA 13;48;23.94626715;1;False
14;BARRA 14;48;23.94626715;1;False
15;BARRA 15;48;23.94626715;2;False
16;BARRA 16;48;23.94626715;1;False
17;BARRA 17;48;23.94626715;1;False
18;BARRA 18;48;23.94626715;1;False
19;BARRA 19;48;23.94626715;1;False
20;BARRA 20;48;23.94626715;2;False
21;BARRA 21;48;23.94626715;1;False
22;BARRA 22;48;23.94626715;1;False
23;BARRA 23;48;23.94626715;1;False
24;BARRA 24;48;23.94626715;2;False
