Codigo;Periodo;Nome;Afluencia;Retirada
1;1; CAMARGOS     ;92;0.6
2;1; ITUTINGA     ;0;0
4;1; FUNIL-GRANDE ;175;3.8
6;1; FURNAS       ;523;11
1;2; CAMARGOS     ;92;0.6
2;2; ITUTINGA     ;0;0
4;2; FUNIL-GRANDE ;175;3.8
6;2; FURNAS       ;523;11
1;3; CAMARGOS     ;92;0.6
2;3; ITUTINGA     ;0;0
4;3; FUNIL-GRANDE ;175;3.8
6;3; FURNAS       ;523;11
1;4; CAMARGOS     ;92;0.6
2;4; ITUTINGA     ;0;0
4;4; FUNIL-GRANDE ;175;3.8
6;4; FURNAS       ;523;11
1;5; CAMARGOS     ;92;0.6
2;5; ITUTINGA     ;0;0
4;5; FUNIL-GRANDE ;175;3.8
6;5; FURNAS       ;523;11
1;6; CAMARGOS     ;92;0.6
2;6; ITUTINGA     ;0;0
4;6; FUNIL-GRANDE ;175;3.8
6;6; FURNAS       ;523;11
1;7; CAMARGOS     ;92;0.6
2;7; ITUTINGA     ;0;0
4;7; FUNIL-GRANDE ;175;3.8
6;7; FURNAS       ;523;11
1;8; CAMARGOS     ;92;0.6
2;8; ITUTINGA     ;0;0
4;8; FUNIL-GRANDE ;175;3.8
6;8; FURNAS       ;523;11
1;9; CAMARGOS     ;92;0.6
2;9; ITUTINGA     ;0;0
4;9; FUNIL-GRANDE ;175;3.8
6;9; FURNAS       ;523;11
1;10; CAMARGOS     ;92;0.6
2;10; ITUTINGA     ;0;0
4;10; FUNIL-GRANDE ;175;3.8
6;10; FURNAS       ;523;11
1;11; CAMARGOS     ;92;0.6
2;11; ITUTINGA     ;0;0
4;11; FUNIL-GRANDE ;175;3.8
6;11; FURNAS       ;523;11
1;12; CAMARGOS     ;92;0.6
2;12; ITUTINGA     ;0;0
4;12; FUNIL-GRANDE ;175;3.8
6;12; FURNAS       ;523;11
1;13; CAMARGOS     ;92;0.6
2;13; ITUTINGA     ;0;0
4;13; FUNIL-GRANDE ;175;3.8
6;13; FURNAS       ;523;11
1;14; CAMARGOS     ;92;0.6
2;14; ITUTINGA     ;0;0
4;14; FUNIL-GRANDE ;175;3.8
6;14; FURNAS       ;523;11
1;15; CAMARGOS     ;92;0.6
2;15; ITUTINGA     ;0;0
4;15; FUNIL-GRANDE ;175;3.8
6;15; FURNAS       ;523;11
1;16; CAMARGOS     ;92;0.6
2;16; ITUTINGA     ;0;0
4;16; FUNIL-GRANDE ;175;3.8
6;16; FURNAS       ;523;11
1;17; CAMARGOS     ;92;0.6
2;17; ITUTINGA     ;0;0
4;17; FUNIL-GRANDE ;175;3.8
6;17; FURNAS       ;523;11
1;18; CAMARGOS     ;92;0.6
2;18; ITUTINGA     ;0;0
4;18; FUNIL-GRANDE ;175;3.8
6;18; FURNAS       ;523;11
1;19; CAMARGOS     ;92;0.6
2;19; ITUTINGA     ;0;0
4;19; FUNIL-GRANDE ;175;3.8
6;19; FURNAS       ;523;11
1;20; CAMARGOS     ;92;0.6
2;20; ITUTINGA     ;0;0
4;20; FUNIL-GRANDE ;175;3.8
6;20; FURNAS       ;523;11
1;21; CAMARGOS     ;92;0.6
2;21; ITUTINGA     ;0;0
4;21; FUNIL-GRANDE ;175;3.8
6;21; FURNAS       ;523;11
1;22; CAMARGOS     ;92;0.6
2;22; ITUTINGA     ;0;0
4;22; FUNIL-GRANDE ;175;3.8
6;22; FURNAS       ;523;11
1;23; CAMARGOS     ;92;0.6
2;23; ITUTINGA     ;0;0
4;23; FUNIL-GRANDE ;175;3.8
6;23; FURNAS       ;523;11
1;24; CAMARGOS     ;92;0.6
2;24; ITUTINGA     ;0;0
4;24; FUNIL-GRANDE ;175;3.8
6;24; FURNAS       ;523;11
1;25; CAMARGOS     ;92;0.6
2;25; ITUTINGA     ;0;0
4;25; FUNIL-GRANDE ;175;3.8
6;25; FURNAS       ;523;11
1;26; CAMARGOS     ;92;0.6
2;26; ITUTINGA     ;0;0
4;26; FUNIL-GRANDE ;175;3.8
6;26; FURNAS       ;523;11
1;27; CAMARGOS     ;92;0.6
2;27; ITUTINGA     ;0;0
4;27; FUNIL-GRANDE ;175;3.8
6;27; FURNAS       ;523;11
1;28; CAMARGOS     ;92;0.6
2;28; ITUTINGA     ;0;0
4;28; FUNIL-GRANDE ;175;3.8
6;28; FURNAS       ;523;11
1;29; CAMARGOS     ;92;0.6
2;29; ITUTINGA     ;0;0
4;29; FUNIL-GRANDE ;175;3.8
6;29; FURNAS       ;523;11
1;30; CAMARGOS     ;92;0.6
2;30; ITUTINGA     ;0;0
4;30; FUNIL-GRANDE ;175;3.8
6;30; FURNAS       ;523;11
1;31; CAMARGOS     ;92;0.6
2;31; ITUTINGA     ;0;0
4;31; FUNIL-GRANDE ;175;3.8
6;31; FURNAS       ;523;11
1;32; CAMARGOS     ;92;0.6
2;32; ITUTINGA     ;0;0
4;32; FUNIL-GRANDE ;175;3.8
6;32; FURNAS       ;523;11
1;33; CAMARGOS     ;92;0.6
2;33; ITUTINGA     ;0;0
4;33; FUNIL-GRANDE ;175;3.8
6;33; FURNAS       ;523;11
1;34; CAMARGOS     ;92;0.6
2;34; ITUTINGA     ;0;0
4;34; FUNIL-GRANDE ;175;3.8
6;34; FURNAS       ;523;11
1;35; CAMARGOS     ;92;0.6
2;35; ITUTINGA     ;0;0
4;35; FUNIL-GRANDE ;175;3.8
6;35; FURNAS       ;523;11
1;36; CAMARGOS     ;92;0.6
2;36; ITUTINGA     ;0;0
4;36; FUNIL-GRANDE ;175;3.8
6;36; FURNAS       ;523;11
1;37; CAMARGOS     ;92;0.6
2;37; ITUTINGA     ;0;0
4;37; FUNIL-GRANDE ;175;3.8
6;37; FURNAS       ;523;11
1;38; CAMARGOS     ;92;0.6
2;38; ITUTINGA     ;0;0
4;38; FUNIL-GRANDE ;175;3.8
6;38; FURNAS       ;523;11
1;39; CAMARGOS     ;92;0.6
2;39; ITUTINGA     ;0;0
4;39; FUNIL-GRANDE ;175;3.8
6;39; FURNAS       ;523;11
1;40; CAMARGOS     ;92;0.6
2;40; ITUTINGA     ;0;0
4;40; FUNIL-GRANDE ;175;3.8
6;40; FURNAS       ;523;11
1;41; CAMARGOS     ;92;0.6
2;41; ITUTINGA     ;0;0
4;41; FUNIL-GRANDE ;175;3.8
6;41; FURNAS       ;523;11
1;42; CAMARGOS     ;92;0.6
2;42; ITUTINGA     ;0;0
4;42; FUNIL-GRANDE ;175;3.8
6;42; FURNAS       ;523;11
1;43; CAMARGOS     ;92;0.6
2;43; ITUTINGA     ;0;0
4;43; FUNIL-GRANDE ;175;3.8
6;43; FURNAS       ;523;11
1;44; CAMARGOS     ;92;0.6
2;44; ITUTINGA     ;0;0
4;44; FUNIL-GRANDE ;175;3.8
6;44; FURNAS       ;523;11
1;45; CAMARGOS     ;92;0.6
2;45; ITUTINGA     ;0;0
4;45; FUNIL-GRANDE ;175;3.8
6;45; FURNAS       ;523;11
1;46; CAMARGOS     ;92;0.6
2;46; ITUTINGA     ;0;0
4;46; FUNIL-GRANDE ;175;3.8
6;46; FURNAS       ;523;11
1;47; CAMARGOS     ;92;0.6
2;47; ITUTINGA     ;0;0
4;47; FUNIL-GRANDE ;175;3.8
6;47; FURNAS       ;523;11
1;48; CAMARGOS     ;92;0.6
2;48; ITUTINGA     ;0;0
4;48; FUNIL-GRANDE ;175;3.8
6;48; FURNAS       ;523;11
