CodigoUTE;NomeUTE;Unidade;Pmin;Pmax;Ton;Toff;GerInic;StatusInic;Tinic;RupInic;RdownInic;CVU;CustoPartida;CustoDesliga;Barra;Submercado
1; ANGRA 1;1;460;640;168;168;0;0;1000;0;0;31.17;0;0;10; SE     
4; ST.CRUZ 34;3;1;218;0;0;0;0;1000;0;0;310.41;0;0;30; SE     
4; ST.CRUZ 34;4;1;218;0;0;0;0;1000;0;0;310.41;0;0;30; SE     
12; CUIABA G CC;1;145;245;72;24;0;0;1000;0;0;859.98;0;0;4596; SE     
12; CUIABA G CC;2;145;245;72;24;0;0;1000;0;0;859.98;0;0;4596; SE     
12; CUIABA G CC;3;310;490;72;24;0;0;1000;0;0;859.98;0;0;4596; SE     
13; ANGRA 2;1;1080;1350;168;168;0;0;1000;0;0;20.12;0;0;11; SE     
15; LINHARES;1;25;51;168;168;0;0;1000;0;0;941.79;0;0;9026; SE     
15; LINHARES;2;25;51;168;168;0;0;1000;0;0;941.79;0;0;9026; SE     
15; LINHARES;3;25;51;168;168;0;0;1000;0;0;941.79;0;0;9026; SE     
15; LINHARES;4;25;51;168;168;0;0;1000;0;0;941.79;0;0;9026; SE     
15; LINHARES;5;32;36;2;0;0;0;1000;0;0;941.79;0;0;9026; SE     
21; MARANHAO V;1;200;337.6;120;48;0;0;1000;0;0;446.77;0;0;5648; N      
24; J.LACERDA C;7;180;330;216;80;0;0;1000;0;0;347.2;0;0;913; S      
25; J.LACERDA B;5;80;110;216;80;0;0;1000;0;0;406.71;0;0;911; S      
25; J.LACERDA B;6;80;110;216;80;0;0;1000;0;0;406.71;0;0;911; S      
26; J.LACERDA A1;1;35;40;216;80;0;0;1000;0;0;518.9;0;0;907; S      
26; J.LACERDA A1;2;35;40;216;80;0;0;1000;0;0;518.9;0;0;907; S      
27; J.LACERDA A2;3;35;55;216;80;0;0;1000;0;0;416.39;0;0;909; S      
27; J.LACERDA A2;4;35;55;216;80;0;0;1000;0;0;416.39;0;0;909; S      
35; URUGUAIANA;1;120;165;2;2;0;0;1000;0;0;1268.92;0;0;1164; S      
35; URUGUAIANA;2;120;165;2;2;0;0;1000;0;0;1268.92;0;0;1164; S      
36; MARANHAO IV;1;200;337.6;120;48;0;0;1000;0;0;446.77;0;0;5647; N      
43; TERMOBAHIA;1;95;185.891;168;168;0;0;1000;0;0;1024.43;0;0;5827; NE     
46; N.VENECIA 2;1;109.3;178.213;120;48;0;0;1000;0;0;308.35;0;0;5650; N      
46; N.VENECIA 2;2;163.3;270.467;120;48;0;0;1000;0;0;308.35;0;0;5650; N      
47; TERMORIO;1;270;355.2;12;4;0;0;1000;0;0;876.22;0;0;4203; SE     
47; TERMORIO;2;397;512;12;4;0;0;1000;0;0;876.22;0;0;4203; SE     
47; TERMORIO;3;397;512;12;4;0;0;1000;0;0;876.22;0;0;4203; SE     
47; TERMORIO;4;397;512;12;4;0;0;1000;0;0;876.22;0;0;4203; SE     
47; TERMORIO;5;397;512;12;4;0;0;1000;0;0;876.22;0;0;4203; SE     
47; TERMORIO;6;523;672;12;4;0;0;1000;0;0;876.22;0;0;4203; SE     
47; TERMORIO;7;523;672;12;4;0;0;1000;0;0;876.22;0;0;4203; SE     
47; TERMORIO;8;523;672;12;4;0;0;1000;0;0;876.22;0;0;4203; SE     
47; TERMORIO;9;523;672;12;4;0;0;1000;0;0;876.22;0;0;4203; SE     
47; TERMORIO;10;523;672;12;4;0;0;1000;0;0;876.22;0;0;4203; SE     
47; TERMORIO;11;523;672;12;4;0;0;1000;0;0;876.22;0;0;4203; SE     
47; TERMORIO;12;650;831;12;4;0;0;1000;0;0;876.22;0;0;4203; SE     
47; TERMORIO;13;650;831;12;4;0;0;1000;0;0;876.22;0;0;4203; SE     
47; TERMORIO;14;650;831;12;4;0;0;1000;0;0;876.22;0;0;4203; SE     
47; TERMORIO;15;650;831;12;4;0;0;1000;0;0;876.22;0;0;4203; SE     
47; TERMORIO;16;791;989.2;12;4;0;0;1000;0;0;876.22;0;0;4203; SE     
47; TERMORIO;17;110;158;12;4;0;0;1000;0;0;876.22;0;0;4205; SE     
47; TERMORIO;18;110;158;12;4;0;0;1000;0;0;876.22;0;0;4205; SE     
47; TERMORIO;19;110;158;12;4;0;0;1000;0;0;876.22;0;0;4207; SE     
47; TERMORIO;20;110;158;12;4;0;0;1000;0;0;876.22;0;0;4208; SE     
47; TERMORIO;21;253;317;12;4;0;0;1000;0;0;876.22;0;0;4205; SE     
47; TERMORIO;22;253;317;12;4;0;0;1000;0;0;876.22;0;0;4207; SE     
47; TERMORIO;23;253;317;12;4;0;0;1000;0;0;876.22;0;0;4205; SE     
47; TERMORIO;24;253;317;12;4;0;0;1000;0;0;876.22;0;0;4205; SE     
47; TERMORIO;25;253;317;12;4;0;0;1000;0;0;876.22;0;0;4205; SE     
47; TERMORIO;26;253;317;12;4;0;0;1000;0;0;876.22;0;0;4205; SE     
47; TERMORIO;27;380;476;12;4;0;0;1000;0;0;876.22;0;0;4205; SE     
47; TERMORIO;28;380;476;12;4;0;0;1000;0;0;876.22;0;0;4205; SE     
47; TERMORIO;29;380;476;12;4;0;0;1000;0;0;876.22;0;0;4205; SE     
47; TERMORIO;30;380;476;12;4;0;0;1000;0;0;876.22;0;0;4205; SE     
47; TERMORIO;31;507;634;12;4;0;0;1000;0;0;876.22;0;0;4205; SE     
48; ARAUCARIA;1;235;235;11;8;0;0;1000;0;0;900;0;0;802; S      
48; ARAUCARIA;2;235;235;11;8;0;0;1000;0;0;900;0;0;802; S      
48; ARAUCARIA;3;351;484.15;11;8;0;0;1000;0;0;900;0;0;802; S      
49; VIANA;1;139.68;174.6;12;4;0;0;1000;0;0;990.61;0;0;45976; SE     
52; CAMPINA GDE;1;8.45;42.27;8;8;0;0;1000;0;0;2076.29;0;0;5220; NE     
52; CAMPINA GDE;2;8.45;42.27;8;8;0;0;1000;0;0;2076.29;0;0;5220; NE     
52; CAMPINA GDE;3;8.45;42.27;8;8;0;0;1000;0;0;2076.29;0;0;5220; NE     
52; CAMPINA GDE;4;8.45;42.27;8;8;0;0;1000;0;0;2076.29;0;0;5220; NE     
53; GLOBAL I;1;57.54;71.92;12;4;0;0;1000;0;0;1120.77;0;0;5820; NE     
53; GLOBAL I;2;57.54;71.92;12;4;0;0;1000;0;0;1120.77;0;0;5820; NE     
53; GLOBAL I;3;57.54;71.92;12;4;0;0;1000;0;0;1120.77;0;0;5820; NE     
53; GLOBAL I;4;51.58;64.48;12;4;0;0;1000;0;0;1120.77;0;0;5820; NE     
53; GLOBAL I;5;51.58;64.48;12;4;0;0;1000;0;0;1120.77;0;0;5820; NE     
53; GLOBAL I;6;51.58;64.48;12;4;0;0;1000;0;0;1120.77;0;0;5820; NE     
53; GLOBAL I;7;83.33;104.16;12;4;0;0;1000;0;0;1120.77;0;0;5820; NE     
53; GLOBAL I;8;83.33;104.16;12;4;0;0;1000;0;0;1120.77;0;0;5820; NE     
53; GLOBAL I;9;77.38;96.72;12;4;0;0;1000;0;0;1120.77;0;0;5820; NE     
53; GLOBAL I;10;83.33;104.16;12;4;0;0;1000;0;0;1120.77;0;0;5820; NE     
53; GLOBAL I;11;109.12;136.4;12;4;0;0;1000;0;0;1120.77;0;0;5820; NE     
54; JUIZ DE FORA;1;40;43.935;4;6;0;0;1000;0;0;1146.82;0;0;4180; SE     
54; JUIZ DE FORA;2;40;43.113;4;6;0;0;1000;0;0;1146.82;0;0;4100; SE     
55; GLOBAL II;1;57.54;71.92;12;4;0;0;1000;0;0;1120.77;0;0;5823; NE     
55; GLOBAL II;2;57.54;71.92;12;4;0;0;1000;0;0;1120.77;0;0;5823; NE     
55; GLOBAL II;3;57.54;71.92;12;4;0;0;1000;0;0;1120.77;0;0;5823; NE     
55; GLOBAL II;4;51.58;64.48;12;4;0;0;1000;0;0;1120.77;0;0;5823; NE     
55; GLOBAL II;5;51.58;64.48;12;4;0;0;1000;0;0;1120.77;0;0;5823; NE     
55; GLOBAL II;6;51.58;64.48;12;4;0;0;1000;0;0;1120.77;0;0;5823; NE     
55; GLOBAL II;7;83.33;104.16;12;4;0;0;1000;0;0;1120.77;0;0;5823; NE     
55; GLOBAL II;8;83.33;104.16;12;4;0;0;1000;0;0;1120.77;0;0;5823; NE     
55; GLOBAL II;9;77.38;96.72;12;4;0;0;1000;0;0;1120.77;0;0;5823; NE     
55; GLOBAL II;10;83.33;104.16;12;4;0;0;1000;0;0;1120.77;0;0;5823; NE     
55; GLOBAL II;11;109.12;136.4;12;4;0;0;1000;0;0;1120.77;0;0;5823; NE     
57; MARACANAU I;1;17;20.37;7;7;0;0;1000;0;0;0;0;0;5460; NE     
57; MARACANAU I;2;17;20.37;7;7;0;0;1000;0;0;0;0;0;5460; NE     
57; MARACANAU I;3;17;20.37;7;7;0;0;1000;0;0;0;0;0;5460; NE     
57; MARACANAU I;4;17;20.37;7;7;0;0;1000;0;0;0;0;0;5460; NE     
57; MARACANAU I;5;17;20.37;7;7;0;0;1000;0;0;0;0;0;5460; NE     
57; MARACANAU I;6;17;20.37;7;7;0;0;1000;0;0;0;0;0;5460; NE     
57; MARACANAU I;7;17;20.37;7;7;0;0;1000;0;0;0;0;0;5460; NE     
57; MARACANAU I;8;17;20.37;7;7;0;0;1000;0;0;0;0;0;5460; NE     
58; TERMOCEARA;1;40;55;4;4;0;0;1000;0;0;2244.4;0;0;5660; NE     
58; TERMOCEARA;2;80;110;4;4;0;0;1000;0;0;2244.4;0;0;5660; NE     
58; TERMOCEARA;3;120;165;4;4;0;0;1000;0;0;2244.4;0;0;5660; NE     
58; TERMOCEARA;4;160;220;4;4;0;0;1000;0;0;2244.4;0;0;5660; NE     
60; NORTEFLU;1;250;250;9;4;0;0;1000;0;0;975.58;0;0;3962; SE     
60; NORTEFLU;2;250;250;9;4;0;0;1000;0;0;975.58;0;0;3962; SE     
60; NORTEFLU;3;250;250;9;4;0;0;1000;0;0;975.58;0;0;3962; SE     
60; NORTEFLU;4;400;520;10;4;0;0;1000;0;0;975.58;0;0;3962; SE     
60; NORTEFLU;5;400;520;10;4;0;0;1000;0;0;975.58;0;0;3962; SE     
60; NORTEFLU;6;400;520;10;4;0;0;1000;0;0;975.58;0;0;3962; SE     
60; NORTEFLU;7;620;826.78;10;4;0;0;1000;0;0;975.58;0;0;3962; SE     
62; SEROPEDICA;1;40;45;4;6;0;0;1000;0;0;1136.9;0;0;3974; SE     
62; SEROPEDICA;2;80;90;4;6;0;0;1000;0;0;1136.9;0;0;3974; SE     
62; SEROPEDICA;3;120;135;5;6;0;0;1000;0;0;1136.9;0;0;3974; SE     
62; SEROPEDICA;4;160;180;5;6;0;0;1000;0;0;1136.9;0;0;3974; SE     
62; SEROPEDICA;5;200;225;6;6;0;0;1000;0;0;1136.9;0;0;3974; SE     
62; SEROPEDICA;6;240;270;6;6;0;0;1000;0;0;1136.9;0;0;3974; SE     
62; SEROPEDICA;7;280;315;6;6;0;0;1000;0;0;1136.9;0;0;3974; SE     
62; SEROPEDICA;8;320;360;6;6;0;0;1000;0;0;1136.9;0;0;3974; SE     
63; IBIRITE;1;180;226;12;4;0;0;1000;0;0;874.88;0;0;1585; SE     
64; CANOAS;1;248.57;248.573;55;48;0;0;1000;0;0;1374.17;0;0;1152; S      
67; TERMONE;1;35;49.949;12;3;0;0;1000;0;0;1831.39;0;0;5219; NE     
67; TERMONE;2;41;58.274;12;3;0;0;1000;0;0;1831.39;0;0;5219; NE     
67; TERMONE;3;38;54.086;12;3;0;0;1000;0;0;1831.39;0;0;5219; NE     
68; TRES LAGOAS;1;90;90;60;48;0;0;1000;0;0;825.23;0;0;3524; SE     
68; TRES LAGOAS;2;90;90;60;48;0;0;1000;0;0;825.23;0;0;3524; SE     
68; TRES LAGOAS;3;90;90;60;48;0;0;1000;0;0;825.23;0;0;3525; SE     
68; TRES LAGOAS;4;90;90;60;48;0;0;1000;0;0;825.23;0;0;3525; SE     
68; TRES LAGOAS;5;180;180;60;48;0;0;1000;0;0;825.23;0;0;3524; SE     
68; TRES LAGOAS;6;180;180;60;48;0;0;1000;0;0;825.23;0;0;3525; SE     
68; TRES LAGOAS;7;180;180;60;48;0;0;1000;0;0;825.23;0;0;3524; SE     
68; TRES LAGOAS;8;180;180;60;48;0;0;1000;0;0;825.23;0;0;3524; SE     
68; TRES LAGOAS;9;180;180;60;48;0;0;1000;0;0;825.23;0;0;3524; SE     
68; TRES LAGOAS;10;180;180;60;48;0;0;1000;0;0;825.23;0;0;3524; SE     
68; TRES LAGOAS;11;270;270;60;48;0;0;1000;0;0;825.23;0;0;3524; SE     
68; TRES LAGOAS;12;270;270;60;48;0;0;1000;0;0;825.23;0;0;3524; SE     
68; TRES LAGOAS;13;270;270;60;48;0;0;1000;0;0;825.23;0;0;3524; SE     
68; TRES LAGOAS;14;270;270;60;48;0;0;1000;0;0;825.23;0;0;3524; SE     
68; TRES LAGOAS;15;350;350;60;48;0;0;1000;0;0;825.23;0;0;3524; SE     
69; TERMOPB;1;35;49.949;12;3;0;0;1000;0;0;1831.39;0;0;5218; NE     
69; TERMOPB;2;41;58.274;12;3;0;0;1000;0;0;1831.39;0;0;5218; NE     
69; TERMOPB;3;38;54.086;12;3;0;0;1000;0;0;1831.39;0;0;5218; NE     
70; GERAMAR II;1;125;159.08;12;4;0;0;1000;0;0;913.46;0;0;6447; N      
73; GERAMAR I;1;125;159.16;12;4;0;0;1000;0;0;913.46;0;0;5557; N      
83; VALE DO ACU;1;110;110;4;8;0;0;1000;0;0;450.86;0;0;5466; NE     
86; ST.CRUZ NOVA;1;120;350;90;0;0;0;1000;0;0;488.96;0;0;32; SE     
86; ST.CRUZ NOVA;2;80;255;390;390;0;0;1000;0;0;488.96;0;0;32; SE     
86; ST.CRUZ NOVA;3;80;255;390;390;0;0;1000;0;0;488.96;0;0;32; SE     
86; ST.CRUZ NOVA;4;180;500;390;390;0;0;1000;0;0;488.96;0;0;32; SE     
90; TERMOMACAE;1;40;45;4;6;0;0;1000;0;0;1066.66;0;0;3977; SE     
90; TERMOMACAE;2;80;90;4;6;0;0;1000;0;0;1066.66;0;0;3977; SE     
90; TERMOMACAE;3;120;135;5;6;0;0;1000;0;0;1066.66;0;0;3977; SE     
90; TERMOMACAE;4;160;180;5;6;0;0;1000;0;0;1066.66;0;0;3977; SE     
90; TERMOMACAE;5;200;225;5;6;0;0;1000;0;0;1066.66;0;0;3977; SE     
90; TERMOMACAE;6;240;270;6;6;0;0;1000;0;0;1066.66;0;0;3977; SE     
90; TERMOMACAE;7;280;315;6;6;0;0;1000;0;0;1066.66;0;0;3977; SE     
90; TERMOMACAE;8;320;360;6;6;0;0;1000;0;0;1066.66;0;0;3977; SE     
90; TERMOMACAE;9;360;405;6;6;0;0;1000;0;0;1066.66;0;0;3977; SE     
90; TERMOMACAE;10;400;450;6;6;0;0;1000;0;0;1066.66;0;0;3977; SE     
90; TERMOMACAE;11;440;495;6;6;0;0;1000;0;0;1066.66;0;0;3977; SE     
90; TERMOMACAE;12;480;540;6;6;0;0;1000;0;0;1066.66;0;0;3977; SE     
90; TERMOMACAE;13;520;585;6;6;0;0;1000;0;0;1066.66;0;0;3977; SE     
90; TERMOMACAE;14;560;630;6;6;0;0;1000;0;0;1066.66;0;0;3977; SE     
90; TERMOMACAE;15;600;675;6;6;0;0;1000;0;0;1066.66;0;0;3977; SE     
90; TERMOMACAE;16;640;720;7;6;0;0;1000;0;0;1066.66;0;0;3977; SE     
90; TERMOMACAE;17;680;765;7;6;0;0;1000;0;0;1066.66;0;0;3977; SE     
90; TERMOMACAE;18;720;810;7;6;0;0;1000;0;0;1066.66;0;0;3977; SE     
90; TERMOMACAE;19;760;855;7;6;0;0;1000;0;0;1066.66;0;0;3977; SE     
90; TERMOMACAE;20;800;922.615;7;6;0;0;1000;0;0;1066.66;0;0;3977; SE     
96; TERMOPE;1;120;254;12;4;0;0;1000;0;0;826.55;0;0;5151; NE     
96; TERMOPE;2;120;254;12;4;0;0;1000;0;0;826.55;0;0;5151; NE     
96; TERMOPE;3;240;550;12;4;0;0;1000;0;0;826.55;0;0;5151; NE     
97; CUBATAO;1;110;216;84;48;0;0;1000;0;0;356.45;0;0;9100; SE     
97; CUBATAO;2;25;48;84;48;0;0;1000;0;0;356.45;0;0;9101; SE     
97; CUBATAO;3;85;168;84;48;0;0;1000;0;0;356.45;0;0;9100; SE     
98; PERNAMBU_III;1;8.73;52.38;8;8;0;0;1000;0;0;753.06;0;0;5178; NE     
98; PERNAMBU_III;2;8.73;52.38;8;8;0;0;1000;0;0;753.06;0;0;5178; NE     
98; PERNAMBU_III;3;8.73;52.38;8;8;0;0;1000;0;0;753.06;0;0;5178; NE     
98; PERNAMBU_III;4;8.73;43.65;8;8;0;0;1000;0;0;753.06;0;0;5178; NE     
106; ERB CANDEIAS;1;3.5;16.79;3;6;0;0;1000;0;0;118.93;0;0;6611; NE     
107; PAMPA SUL;1;250;345;168;168;0;0;1000;0;0;105.94;0;0;998; S      
108; XAVANTES;1;18;26.064;1;1;0;0;1000;0;0;0;0;0;2979; SE     
108; XAVANTES;2;18;27.512;1;1;0;0;1000;0;0;0;0;0;2979; SE     
110; N.PIRATININ;1;95;96.52;4;8;0;0;1000;0;0;1379.23;0;0;405; SE     
110; N.PIRATININ;2;190;193.04;5;8;0;0;1000;0;0;1379.23;0;0;405; SE     
110; N.PIRATININ;3;285;289.56;5;8;0;0;1000;0;0;1379.23;0;0;405; SE     
110; N.PIRATININ;4;380;386.08;6;8;0;0;1000;0;0;1379.23;0;0;405; SE     
116; PARNAIBA IV;1;45;56.3;12;4;0;0;1000;0;0;788.17;0;0;5642; N      
137; GNA I;1;1338.3;1338.3;178;24;0;0;1000;0;0;956.16;0;0;53; SE     
140; MAUA 3;1;480;583;48;72;0;0;1000;0;0;213.34;0;0;8535; N      
140; MAUA 3;2;264;274.2;72;48;0;0;1000;0;0;213.34;0;0;8535; N      
140; MAUA 3;3;264;274.2;72;48;0;0;1000;0;0;213.34;0;0;8535; N      
144; PETROLINA;1;11.3;16.5;8;6;0;0;1000;0;0;0;0;0;6314; NE     
144; PETROLINA;2;22.6;33;8;6;0;0;1000;0;0;0;0;0;6314; NE     
144; PETROLINA;3;33.9;49.5;8;6;0;0;1000;0;0;0;0;0;6314; NE     
144; PETROLINA;4;45.2;66;8;6;0;0;1000;0;0;0;0;0;6314; NE     
144; PETROLINA;5;56.5;82.5;8;6;0;0;1000;0;0;0;0;0;6314; NE     
144; PETROLINA;6;67.8;99;8;6;0;0;1000;0;0;0;0;0;6314; NE     
144; PETROLINA;7;79.1;115.5;8;6;0;0;1000;0;0;0;0;0;6314; NE     
144; PETROLINA;8;90.4;132;8;6;0;0;1000;0;0;0;0;0;6314; NE     
146; STA VITORIA;1;18;41.4;24;24;0;0;1000;0;0;164.56;0;0;45332; SE     
147; PROSPERID. 1;1;4.6;9.341;2;1;0;0;1000;0;0;224.31;0;0;6104; NE     
147; PROSPERID. 1;2;4.6;9.341;2;1;0;0;1000;0;0;224.31;0;0;6104; NE     
147; PROSPERID. 1;3;4.6;9.341;2;1;0;0;1000;0;0;224.31;0;0;6104; NE     
149; SAO SEPE;1;1.6;8;0;0;0;0;1000;0;0;118.84;0;0;10314; S      
151; POTIGUAR;1;5;12.45;4;1;0;0;1000;0;0;1841.86;0;0;5240; NE     
151; POTIGUAR;2;5;12.45;4;1;0;0;1000;0;0;1841.86;0;0;5240; NE     
151; POTIGUAR;3;5;11.62;4;1;0;0;1000;0;0;1841.86;0;0;5240; NE     
151; POTIGUAR;4;5;11.62;4;1;0;0;1000;0;0;1841.86;0;0;5240; NE     
152; TERMOCABO;1;16.5;16.5;6;12;0;0;1000;0;0;1495.67;0;0;5134; NE     
152; TERMOCABO;2;33;33;6;12;0;0;1000;0;0;1495.67;0;0;5134; NE     
152; TERMOCABO;3;49;49;6;12;0;0;1000;0;0;1495.67;0;0;5134; NE     
153; DAIA;1;2.8;22.1;1;1;0;0;1000;0;0;0;0;0;3004; SE     
153; DAIA;2;2.8;22.34;1;1;0;0;1000;0;0;0;0;0;3004; SE     
156; CANDIOTA 3;1;210;350;168;168;0;0;1000;0;0;519.16;0;0;1173; S      
161; POTIGUAR III;1;5;9.13;4;1;0;0;1000;0;0;1841.86;0;0;5242; NE     
161; POTIGUAR III;2;5;9.13;4;1;0;0;1000;0;0;1841.86;0;0;5242; NE     
161; POTIGUAR III;3;5;9.13;4;1;0;0;1000;0;0;1841.86;0;0;5242; NE     
161; POTIGUAR III;4;5;7.47;4;1;0;0;1000;0;0;1841.86;0;0;5242; NE     
161; POTIGUAR III;5;5;9.13;4;1;0;0;1000;0;0;1841.86;0;0;5242; NE     
161; POTIGUAR III;6;5;7.47;4;1;0;0;1000;0;0;1841.86;0;0;5242; NE     
162; PECEM II;1;2.92;5.85;3;1;0;0;1000;0;0;2324.95;0;0;46603; NE     
162; PECEM II;2;6.52;13.05;3;1;0;0;1000;0;0;2324.95;0;0;46603; NE     
162; PECEM II;3;6.52;13.05;3;1;0;0;1000;0;0;2324.95;0;0;46603; NE     
162; PECEM II;4;6.52;13.05;3;1;0;0;1000;0;0;2324.95;0;0;46603; NE     
162; PECEM II;5;6.75;13.5;3;1;0;0;1000;0;0;2324.95;0;0;46603; NE     
162; PECEM II;6;6.75;13.5;3;1;0;0;1000;0;0;2324.95;0;0;46603; NE     
162; PECEM II;7;3.6;7.2;3;1;0;0;1000;0;0;2324.95;0;0;46603; NE     
162; PECEM II;8;6.52;13.05;3;1;0;0;1000;0;0;2324.95;0;0;46603; NE     
162; PECEM II;9;6.52;13.05;3;1;0;0;1000;0;0;2324.95;0;0;46603; NE     
162; PECEM II;10;6.52;13.05;3;1;0;0;1000;0;0;2324.95;0;0;46603; NE     
162; PECEM II;11;6.52;13.05;3;1;0;0;1000;0;0;2324.95;0;0;46603; NE     
162; PECEM II;12;6.52;13.05;3;1;0;0;1000;0;0;2324.95;0;0;46603; NE     
163; P. PECEM II;1;240;365;168;48;0;0;1000;0;0;318.91;0;0;5659; NE     
167; P. PECEM I;1;240;360;168;48;0;0;1000;0;0;308.16;0;0;5658; NE     
167; P. PECEM I;2;240;360;168;48;0;0;1000;0;0;308.16;0;0;5658; NE     
170; SUAPE II;1;22.43;22.427;5;0;0;0;1000;0;0;890.08;0;0;6021; NE     
170; SUAPE II;2;44.85;44.854;5;0;0;0;1000;0;0;890.08;0;0;6021; NE     
170; SUAPE II;3;67.28;67.281;5;0;0;0;1000;0;0;890.08;0;0;6021; NE     
170; SUAPE II;4;89.71;89.708;5;0;0;0;1000;0;0;890.08;0;0;6021; NE     
170; SUAPE II;5;112.14;112.135;5;0;0;0;1000;0;0;890.08;0;0;6021; NE     
170; SUAPE II;6;134.56;134.562;5;0;0;0;1000;0;0;890.08;0;0;6021; NE     
170; SUAPE II;7;156.99;156.989;6;0;0;0;1000;0;0;890.08;0;0;6021; NE     
170; SUAPE II;8;179.42;179.416;6;0;0;0;1000;0;0;890.08;0;0;6021; NE     
170; SUAPE II;9;201.84;201.843;6;0;0;0;1000;0;0;890.08;0;0;6021; NE     
170; SUAPE II;10;224.27;224.27;6;0;0;0;1000;0;0;890.08;0;0;6021; NE     
170; SUAPE II;11;246.7;246.697;6;0;0;0;1000;0;0;890.08;0;0;6021; NE     
170; SUAPE II;12;269.12;269.124;6;0;0;0;1000;0;0;890.08;0;0;6021; NE     
170; SUAPE II;13;291.55;291.551;6;0;0;0;1000;0;0;890.08;0;0;6021; NE     
170; SUAPE II;14;313.98;313.978;6;0;0;0;1000;0;0;890.08;0;0;6021; NE     
170; SUAPE II;15;336.4;336.405;6;0;0;0;1000;0;0;890.08;0;0;6021; NE     
170; SUAPE II;16;358.83;358.832;6;0;0;0;1000;0;0;890.08;0;0;6021; NE     
170; SUAPE II;17;381.26;381.259;6;0;0;0;1000;0;0;890.08;0;0;6021; NE     
176; PORTO ITAQUI;1;240;360.137;168;48;0;0;1000;0;0;310.78;0;0;5609; N      
182; PALMEIRAS GO;1;50;70.58;5;5;0;0;1000;0;0;0;0;0;3740; SE     
182; PALMEIRAS GO;2;49.5;69.856;5;5;0;0;1000;0;0;0;0;0;3740; SE     
194; T.NORTE 2;1;37.6;75.9;12;12;0;0;1000;0;0;0;0;0;6913; SE     
194; T.NORTE 2;2;75.2;151.8;12;12;0;0;1000;0;0;0;0;0;6913; SE     
194; T.NORTE 2;3;112.8;227.7;12;12;0;0;1000;0;0;0;0;0;6912; SE     
194; T.NORTE 2;4;155;232.67;12;12;0;0;1000;0;0;0;0;0;6912; SE     
194; T.NORTE 2;5;155;232.67;12;12;0;0;1000;0;0;0;0;0;6912; SE     
194; T.NORTE 2;6;155;232.67;12;12;0;0;1000;0;0;0;0;0;6912; SE     
194; T.NORTE 2;7;233;349;12;12;0;0;1000;0;0;0;0;0;6912; SE     
201; APARECIDA;1;25;43;1;1;0;0;1000;0;0;213.34;0;0;8653; N      
201; APARECIDA;2;25;43;1;1;0;0;1000;0;0;213.34;0;0;8653; N      
201; APARECIDA;3;25;40;1;1;0;0;1000;0;0;213.34;0;0;8646; N      
201; APARECIDA;4;25;40;1;1;0;0;1000;0;0;213.34;0;0;8646; N      
203; PORAQUE;1;14;17.076;11;1;0;0;1000;0;0;213.34;0;0;8611; N      
203; PORAQUE;2;14;17.076;11;1;0;0;1000;0;0;213.34;0;0;8611; N      
203; PORAQUE;3;14;17.076;11;1;0;0;1000;0;0;213.34;0;0;8611; N      
203; PORAQUE;4;14;17.076;11;1;0;0;1000;0;0;213.34;0;0;8611; N      
203; PORAQUE;5;14;17.076;11;1;0;0;1000;0;0;213.34;0;0;8611; N      
204; JARAQUI;6;15;36.08;7;6;0;0;1000;0;0;213.34;0;0;8612; N      
204; JARAQUI;7;15;39.36;7;6;0;0;1000;0;0;213.34;0;0;8616; N      
205; PIRARUCU;1;8.05;18.35;2;1;0;0;1000;0;0;213.34;0;0;8609; N      
205; PIRARUCU;2;8.05;18.35;2;1;0;0;1000;0;0;213.34;0;0;8609; N      
205; PIRARUCU;3;8.05;18.35;2;1;0;0;1000;0;0;213.34;0;0;8609; N      
205; PIRARUCU;4;8.05;18.35;2;1;0;0;1000;0;0;213.34;0;0;8609; N      
207; TUCUNARE;1;16;18.35;3;0;0;0;1000;0;0;213.34;0;0;8610; N      
207; TUCUNARE;2;16;18.35;3;0;0;0;1000;0;0;213.34;0;0;8610; N      
207; TUCUNARE;3;16;18.35;3;0;0;0;1000;0;0;213.34;0;0;8610; N      
207; TUCUNARE;4;16;18.35;3;0;0;0;1000;0;0;213.34;0;0;8610; N      
209; TAMBAQUI;5;15;17.56;7;6;0;0;1000;0;0;213.34;0;0;8617; N      
209; TAMBAQUI;6;15;39.36;7;6;0;0;1000;0;0;213.34;0;0;8615; N      
209; TAMBAQUI;7;15;36.08;7;6;0;0;1000;0;0;213.34;0;0;8617; N      
211; BAIXADA FLU;1;160;265;72;48;0;0;1000;0;0;482.92;0;0;9627; SE     
211; BAIXADA FLU;2;160;265;72;48;0;0;1000;0;0;482.92;0;0;9627; SE     
211; BAIXADA FLU;3;320;530;72;48;0;0;1000;0;0;482.92;0;0;9627; SE     
212; MARANHAO III;1;400;518.8;120;48;0;0;1000;0;0;116.1;0;0;5646; N      
223; PROSPERID. 3;1;4.6;9.331;2;1;0;0;1000;0;0;228.55;0;0;45528; NE     
223; PROSPERID. 3;2;4.6;9.331;2;1;0;0;1000;0;0;228.55;0;0;45528; NE     
223; PROSPERID. 3;3;4.6;9.331;2;1;0;0;1000;0;0;228.55;0;0;45528; NE     
223; PROSPERID. 3;4;4.6;9.331;2;1;0;0;1000;0;0;228.55;0;0;45528; NE     
223; PROSPERID. 3;5;4.6;9.331;2;1;0;0;1000;0;0;228.55;0;0;45528; NE     
223; PROSPERID. 3;6;4.6;9.331;2;1;0;0;1000;0;0;228.55;0;0;45528; NE     
224; P. SERGIPE I;1;1593.2;1593.199;179;0;0;0;1000;0;0;311.29;0;0;5700; NE     
224; P. SERGIPE I;2;1060;1060;177;0;0;0;1000;0;0;311.29;0;0;5700; NE     
224; P. SERGIPE I;3;1060;1060;177;0;0;0;1000;0;0;311.29;0;0;5700; NE     
224; P. SERGIPE I;4;1060;1060;177;0;0;0;1000;0;0;311.29;0;0;5700; NE     
224; P. SERGIPE I;5;514;514;175;0;0;0;1000;0;0;311.29;0;0;5700; NE     
224; P. SERGIPE I;6;514;514;175;0;0;0;1000;0;0;311.29;0;0;5700; NE     
224; P. SERGIPE I;7;514;514;175;0;0;0;1000;0;0;311.29;0;0;5700; NE     
229; ONCA PINTADA;1;30;50;408;0;0;0;1000;0;0;152.33;0;0;7646; SE     
235; C. MURICY 2;1;3.6;7.2;3;1;0;0;1000;0;0;2301.01;0;0;46601; NE     
235; C. MURICY 2;2;6.52;13.05;3;1;0;0;1000;0;0;2301.01;0;0;46601; NE     
235; C. MURICY 2;3;6.52;13.05;3;1;0;0;1000;0;0;2301.01;0;0;46601; NE     
235; C. MURICY 2;4;6.52;13.05;3;1;0;0;1000;0;0;2301.01;0;0;46601; NE     
235; C. MURICY 2;5;6.52;13.05;3;1;0;0;1000;0;0;2301.01;0;0;46601; NE     
235; C. MURICY 2;6;6.52;13.05;3;1;0;0;1000;0;0;2301.01;0;0;46601; NE     
235; C. MURICY 2;7;3.37;6.75;3;1;0;0;1000;0;0;2301.01;0;0;46601; NE     
235; C. MURICY 2;8;6.52;13.05;3;1;0;0;1000;0;0;2301.01;0;0;46601; NE     
235; C. MURICY 2;9;6.52;13.05;3;1;0;0;1000;0;0;2301.01;0;0;46601; NE     
235; C. MURICY 2;10;6.52;13.05;3;1;0;0;1000;0;0;2301.01;0;0;46601; NE     
235; C. MURICY 2;11;6.52;13.05;3;1;0;0;1000;0;0;2301.01;0;0;46601; NE     
235; C. MURICY 2;12;6.52;13.05;3;1;0;0;1000;0;0;2301.01;0;0;46601; NE     
236; MARLIM AZUL;1;441;565.5;240;6;0;0;1000;0;0;133.71;0;0;44329; SE     
238; GNA II;1;1672.6;1672.599;178;24;0;0;1000;0;0;464.08;0;0;44327; SE     
239; PARNAIBA V;1;290;365.32;120;48;0;0;1000;0;0;226.34;0;0;8159; N      
241; PROSPERID. 2;1;4.6;9.36;2;1;0;0;1000;0;0;280.49;0;0;8421; NE     
241; PROSPERID. 2;2;4.6;9.36;2;1;0;0;1000;0;0;280.49;0;0;8421; NE     
241; PROSPERID. 2;3;4.6;9.36;2;1;0;0;1000;0;0;280.49;0;0;8421; NE     
241; PROSPERID. 2;4;4.6;9.36;2;1;0;0;1000;0;0;280.49;0;0;8421; NE     
245; KARKEY 013;1;12.39;20.65;1;1;0;0;1000;0;0;730.8;0;0;45065; SE     
245; KARKEY 013;2;24.78;41.3;1;1;0;0;1000;0;0;730.8;0;0;45065; SE     
245; KARKEY 013;3;41.3;61.95;1;1;0;0;1000;0;0;730.8;0;0;45065; SE     
245; KARKEY 013;4;61.95;82.6;1;1;0;0;1000;0;0;730.8;0;0;45065; SE     
245; KARKEY 013;5;82.6;103.25;1;1;0;0;1000;0;0;730.8;0;0;45065; SE     
245; KARKEY 013;6;103.25;123.9;1;1;0;0;1000;0;0;730.8;0;0;45065; SE     
245; KARKEY 013;7;123.9;144.55;1;1;0;0;1000;0;0;730.8;0;0;45065; SE     
245; KARKEY 013;8;144.55;165.2;1;1;0;0;1000;0;0;730.8;0;0;45065; SE     
245; KARKEY 013;9;165.2;185.85;1;1;0;0;1000;0;0;730.8;0;0;45065; SE     
245; KARKEY 013;10;185.85;206.5;1;1;0;0;1000;0;0;730.8;0;0;45065; SE     
245; KARKEY 013;11;206.5;227.15;1;1;0;0;1000;0;0;730.8;0;0;45065; SE     
245; KARKEY 013;12;227.15;247.8;1;1;0;0;1000;0;0;730.8;0;0;45065; SE     
245; KARKEY 013;13;237.99;258.64;12;4;0;0;1000;0;0;730.8;0;0;45065; SE     
246; KARKEY 019;1;10.8;18.32;1;1;0;0;1000;0;0;730.8;0;0;45067; SE     
246; KARKEY 019;2;21.6;36.64;1;1;0;0;1000;0;0;730.8;0;0;45067; SE     
246; KARKEY 019;3;36.64;54.96;1;1;0;0;1000;0;0;730.8;0;0;45067; SE     
246; KARKEY 019;4;54.96;73.28;1;1;0;0;1000;0;0;730.8;0;0;45067; SE     
246; KARKEY 019;5;73.28;91.6;1;1;0;0;1000;0;0;730.8;0;0;45067; SE     
246; KARKEY 019;6;91.6;109.92;1;1;0;0;1000;0;0;730.8;0;0;45067; SE     
246; KARKEY 019;7;95.1;115.92;12;4;0;0;1000;0;0;730.8;0;0;45067; SE     
248; PAULINIA;1;9.43;20.195;0;0;0;0;1000;0;0;0;0;0;44865; SE     
249; PORSUD I;1;11.59;19.32;1;1;0;0;1000;0;0;862.73;0;0;45069; SE     
249; PORSUD I;2;23.18;38.64;1;1;0;0;1000;0;0;862.73;0;0;45069; SE     
249; PORSUD I;3;38.64;57.96;1;1;0;0;1000;0;0;862.73;0;0;45069; SE     
249; PORSUD I;4;57.96;77.28;1;1;0;0;1000;0;0;862.73;0;0;45069; SE     
249; PORSUD I;5;77.28;96.6;1;1;0;0;1000;0;0;862.73;0;0;45069; SE     
249; PORSUD I;6;96.6;115.92;1;1;0;0;1000;0;0;862.73;0;0;45069; SE     
250; PORSUD II;1;10.8;18.45;1;1;0;0;1000;0;0;864.22;0;0;45072; SE     
250; PORSUD II;2;21.6;36.9;1;1;0;0;1000;0;0;864.22;0;0;45072; SE     
250; PORSUD II;3;36.9;55.35;1;1;0;0;1000;0;0;864.22;0;0;45072; SE     
250; PORSUD II;4;55.35;73.8;1;1;0;0;1000;0;0;864.22;0;0;45072; SE     
250; PORSUD II;5;58.85;78.32;12;4;0;0;1000;0;0;864.22;0;0;45072; SE     
251; POVOACAO 1;1;49.8;56.22;2;0;0;0;1000;0;0;986.05;0;0;45985; SE     
251; POVOACAO 1;2;16.6;18.74;2;0;0;0;1000;0;0;986.05;0;0;45985; SE     
253; VIANA 1;1;8.3;9.37;2;0;0;0;1000;0;0;1124.32;0;0;45981; SE     
253; VIANA 1;2;8.3;9.37;2;0;0;0;1000;0;0;1124.32;0;0;45982; SE     
253; VIANA 1;3;8.3;9.37;2;0;0;0;1000;0;0;1124.32;0;0;45983; SE     
253; VIANA 1;4;8.3;9.37;2;0;0;0;1000;0;0;1124.32;0;0;45984; SE     
254; B. BONITA I;1;0.7;9.45;0;0;0;0;1000;0;0;0;0;0;10624; S      
322; BBF BALIZA;1;2;9.8;4;12;0;0;1000;0;0;876.44;0;0;8870; N      
322; BBF BALIZA;2;2;8.136;1;0;0;0;1000;0;0;876.44;0;0;8870; N      
323; BONFIM;1;3;10;744;0;0;0;1000;0;0;555.69;0;0;8865; N      
324; CANTA;1;3;10;744;0;0;0;1000;0;0;555.69;0;0;8866; N      
326; JAGUATIRICA;1;80.1;126.29;120;48;0;0;1000;0;0;289.25;0;0;8874; N      
326; JAGUATIRICA;2;38;69.5;120;48;0;0;1000;0;0;289.25;0;0;8874; N      
326; JAGUATIRICA;3;38;69.5;120;48;0;0;1000;0;0;289.25;0;0;8875; N      
327; M.C. SUCUBA;1;17.5;22.75;0;0;0;0;1000;0;0;1679.44;0;0;8867; N      
327; M.C. SUCUBA;2;15;19.5;0;0;0;0;1000;0;0;1679.44;0;0;8868; N      
328; PALMAPLAN;1;3;5.775;2;2;0;0;1000;0;0;1773.63;0;0;8869; N      
328; PALMAPLAN;2;3;5.775;2;2;0;0;1000;0;0;1773.63;0;0;8869; N      
329; PAU RAINHA;1;3;10;744;0;0;0;1000;0;0;555.69;0;0;8872; N      
330; SANTA LUZ;1;3;10;744;0;0;0;1000;0;0;555.69;0;0;8873; N      
334; W ARJONA;1;31;39.16;6;4;0;0;1000;0;0;874.61;0;0;927; SE     
334; W ARJONA;2;31;39.16;6;4;0;0;1000;0;0;874.61;0;0;928; SE     
334; W ARJONA;3;26;33;6;4;0;0;1000;0;0;874.61;0;0;929; SE     
334; W ARJONA;4;26;33.1;6;4;0;0;1000;0;0;874.61;0;0;923; SE     
334; W ARJONA;5;26;32.696;6;4;0;0;1000;0;0;874.61;0;0;924; SE     
383; ATLANTICO;1;40;90;24;1;0;0;1000;0;0;0;0;0;9600; SE     
383; ATLANTICO;2;40;90;24;1;0;0;1000;0;0;0;0;0;9615; SE     
383; ATLANTICO;3;40;155;24;1;0;0;1000;0;0;0;0;0;9603; SE     
383; ATLANTICO;4;80;180;24;1;0;0;1000;0;0;0;0;0;9600; SE     
383; ATLANTICO;5;80;295;24;1;0;0;1000;0;0;0;0;0;9600; SE     
383; ATLANTICO;6;80;295;24;1;0;0;1000;0;0;0;0;0;9603; SE     
383; ATLANTICO;7;120;396.61;24;1;0;0;1000;0;0;0;0;0;9600; SE     
434; W ARJONA 2;1;30;39.16;136;24;0;0;1000;0;0;0;0;0;927; SE     
434; W ARJONA 2;2;30;39.16;136;24;0;0;1000;0;0;0;0;0;928; SE     
434; W ARJONA 2;3;25;33;136;24;0;0;1000;0;0;0;0;0;929; SE     
434; W ARJONA 2;4;25;33.1;136;24;0;0;1000;0;0;0;0;0;923; SE     
434; W ARJONA 2;5;28;32.696;136;24;0;0;1000;0;0;0;0;0;924; SE     
