Codigo;Nome;Conjunto;Unidade;Pmin;Pmax;Ton;Toff;StatusInic;Tinic;Barra;MaxTurb;CustoPartida;CustoDesliga;Hef
1; CAMARGOS     ;1;2;2.3;23;0;0;0;0;0;107;0;0;24.6
2; ITUTINGA     ;1;2;1.25;12.5;0;0;0;0;0;58;0;0;25
2; ITUTINGA     ;2;1;1.4;14;0;0;0;0;0;65;0;0;25
2; ITUTINGA     ;3;1;1.3;13;0;0;0;0;0;60;0;0;25
4; FUNIL-GRANDE ;1;3;6;60;0;0;0;0;0;191;0;0;34.9
6; FURNAS       ;1;6;15.2;152;0;0;0;0;0;188;0;0;90
6; FURNAS       ;2;2;15.2;152;0;0;0;0;0;189;0;0;89.3
7; M. DE MORAES ;1;2;4;40;0;0;0;0;0;111;0;0;41.8
7; M. DE MORAES ;2;2;4.8;48;0;0;0;0;0;126;0;0;43.9
7; M. DE MORAES ;3;4;4.9;49;0;0;0;0;0;131;0;0;43.2
7; M. DE MORAES ;4;2;5.2;52;0;0;0;0;0;137;0;0;43.8
8; ESTREITO     ;1;6;17.5;175;0;0;0;0;0;319;0;0;61.7
9; JAGUARA      ;1;4;10.6;106;0;0;0;0;0;269;0;0;44.1
10; IGARAPAVA    ;1;5;4.2;42;0;0;0;0;0;275;0;0;17
11; VOLTA GRANDE ;1;4;9.5;95;0;0;0;0;0;397;0;0;26.6
12; P. COLOMBIA  ;1;3;8;80;0;0;0;0;0;467;0;0;18.9
14; CACONDE      ;1;1;4.12;41.2;0;0;0;0;0;48;0;0;101
14; CACONDE      ;2;1;3.92;39.2;0;0;0;0;0;45;0;0;101
15; E. DA CUNHA  ;1;4;2.72;27.2;0;0;0;0;0;36;0;0;88
16; A.S.OLIVEIRA ;1;2;1.6;16;0;0;0;0;0;86;0;0;21.7
17; MARIMBONDO   ;1;8;18;180;0;0;0;0;0;335;0;0;59.2
18; A. VERMELHA  ;1;6;23.27;232.7;0;0;0;0;0;493;0;0;53.5
20; BATALHA      ;1;2;2.625;26.25;0;0;0;0;0;77;0;0;37.7
21; SERRA FACAO  ;1;2;10.629;106.29;0;0;0;0;0;165;0;0;73.66
24; EMBORCACAO   ;1;4;29.8;298;0;0;0;0;0;253;0;0;130.3
25; NOVA PONTE   ;1;3;17;170;0;0;0;0;0;197;0;0;96
26; MIRANDA      ;1;3;13.6;136;0;0;0;0;0;232;0;0;66.4
27; CAPIM BRANC1 ;1;3;8.103;81.03;0;0;0;0;0;167;0;0;54.1
28; CAPIM BRANC2 ;1;3;7.049;70.49;0;0;0;0;0;179;0;0;43.4
29; CORUMBA IV   ;1;2;6.46;64.6;0;0;0;0;0;117;0;0;63.35
30; CORUMBA I    ;1;3;12.5;125;0;0;0;0;0;192;0;0;73.5
31; ITUMBIARA    ;1;6;34.7;347;0;0;0;0;0;510;0;0;76
32; CACH.DOURADA ;1;2;1.7;17;0;0;0;0;0;66;0;0;30
32; CACH.DOURADA ;2;3;5.4;54;0;0;0;0;0;210;0;0;30
32; CACH.DOURADA ;3;3;8.4;84;0;0;0;0;0;327;0;0;30
32; CACH.DOURADA ;4;2;10.5;105;0;0;0;0;0;409;0;0;30
33; SAO SIMAO    ;1;6;28.5;285;0;0;0;0;0;442;0;0;70.9
34; I. SOLTEIRA  ;1;4;17.6;176;0;0;0;0;0;490;0;0;41.5
34; I. SOLTEIRA  ;2;11;17;170;0;0;0;0;0;474;0;0;41.5
34; I. SOLTEIRA  ;3;5;17.4;174;0;0;0;0;0;485;0;0;41.5
37; BARRA BONITA ;1;4;3.519;35.19;0;0;0;0;0;186;0;0;21.4
38; A.S. LIMA    ;1;3;4.77;47.7;0;0;0;0;0;259;0;0;22.1
39; IBITINGA     ;1;3;4.383;43.83;0;0;0;0;0;245;0;0;21.2
40; PROMISSAO    ;1;3;8.8;88;0;0;0;0;0;433;0;0;23.1
42; NAVANHANDAVA ;1;3;11.58;115.8;0;0;0;0;0;463;0;0;27.5
43; TRES IRMAOS  ;1;5;16.15;161.5;0;0;0;0;0;440;0;0;41.5
45; JUPIA        ;1;14;11.08;110.8;0;0;0;0;0;594;0;0;21.3
46; P. PRIMAVERA ;1;14;11;110;0;0;0;0;0;650;0;0;18.95
47; A.A. LAYDNER ;1;2;5.048;50.48;0;0;0;0;0;184;0;0;31
48; PIRAJU       ;1;2;4;40;0;0;0;0;0;177;0;0;25
49; CHAVANTES    ;1;1;10.35;103.5;0;0;0;0;0;160;0;0;73.6
49; CHAVANTES    ;2;3;10.35;103.5;0;0;0;0;0;162;0;0;72.6
50; L.N. GARCEZ  ;1;4;1.845;18.45;0;0;0;0;0;141;0;0;15.3
51; CANOAS II    ;1;3;2.4;24;0;0;0;0;0;182;0;0;14.5
52; CANOAS I     ;1;3;2.75;27.5;0;0;0;0;0;185;0;0;16.3
53; PARANAPANEMA ;1;1;0.392;3.92;0;0;0;0;0;35;0;0;15.41
53; PARANAPANEMA ;2;1;0.392;3.92;0;0;0;0;0;35;0;0;16
53; PARANAPANEMA ;3;1;0.988;9.88;0;0;0;0;0;67;0;0;16.8
53; PARANAPANEMA ;4;2;0.689;6.89;0;0;0;0;0;46;0;0;16.9
57; MAUA         ;1;3;11.736;117.36;0;0;0;0;0;112;0;0;116.5
61; CAPIVARA     ;1;1;16.3;163;0;0;0;0;0;399;0;0;47.8
61; CAPIVARA     ;2;3;16;160;0;0;0;0;0;395;0;0;47.4
62; TAQUARUCU    ;1;5;10.5;105;0;0;0;0;0;515;0;0;22.5
63; ROSANA       ;1;4;8.85;88.5;0;0;0;0;0;619;0;0;15.7
66; ITAIPU       ;1;10;70;700;0;0;0;0;0;662;0;0;117
66; ITAIPU       ;2;10;70;700;0;0;0;0;0;662;0;0;117
71; STA CLARA PR ;1;2;6.008;60.08;0;0;0;0;0;79;0;0;84.35
72; FUNDAO       ;1;2;6.008;60.08;0;0;0;0;0;75;0;0;89.45
74; G.B. MUNHOZ  ;1;4;41.9;419;0;0;0;0;0;347;0;0;135
76; SEGREDO      ;1;4;31.5;315;0;0;0;0;0;323;0;0;110
77; SLT.SANTIAGO ;1;4;35.5;355;0;0;0;0;0;385;0;0;102
78; SALTO OSORIO ;1;4;18.2;182;0;0;0;0;0;313;0;0;68.4
78; SALTO OSORIO ;2;2;18.784;187.84;0;0;0;0;0;329;0;0;67.2
82; SALTO CAXIAS ;1;4;31;310;0;0;0;0;0;547;0;0;65.4
83; BAIXO IGUACU ;1;3;11.673;116.73;0;0;0;0;0;839;0;0;15.29
86; BARRA GRANDE ;1;3;23;230;0;0;0;0;0;168;0;0;148.37
87; CANASTRA     ;1;2;2.24;22.4;0;0;0;0;0;8;0;0;319.25
88; SAO ROQUE    ;1;3;4.73;47.3;0;0;0;0;0;110;0;0;48.6
89; GARIBALDI    ;1;3;6.3;63;0;0;0;0;0;174;0;0;41.9
90; CAMPOS NOVOS ;1;3;29.333;293.33;0;0;0;0;0;182;0;0;177
91; MACHADINHO   ;1;3;38;380;0;0;0;0;0;432;0;0;97.3
92; ITA          ;1;5;29;290;0;0;0;0;0;318;0;0;102
93; PASSO FUNDO  ;1;2;11.3;113;0;0;0;0;0;52;0;0;247
94; MONJOLINHO   ;1;2;3.7;37;0;0;0;0;0;78;0;0;54
95; QUEBRA QUEIX ;1;3;4;40;0;0;0;0;0;39;0;0;117.7
97; CASTRO ALVES ;1;3;4.333;43.33;0;0;0;0;0;53;0;0;91
98; MONTE CLARO  ;1;2;6.5;65;0;0;0;0;0;188;0;0;38.8
99; 14 DE JULHO  ;1;2;5;50;0;0;0;0;0;173;0;0;32.4
101; SAO JOSE     ;1;2;2.55;25.5;0;0;0;0;0;141;0;0;20.3
102; PASSO S JOAO ;1;2;3.85;38.5;0;0;0;0;0;166;0;0;26
103; FOZ CHAPECO  ;1;4;21.375;213.75;0;0;0;0;0;484;0;0;49.8
111; PASSO REAL   ;1;1;8.2;82;0;0;0;0;0;246;0;0;36.8
111; PASSO REAL   ;2;1;7.6;76;0;0;0;0;0;228;0;0;36.8
112; JACUI        ;1;6;3;30;0;0;0;0;0;39;0;0;89
113; ITAUBA       ;1;4;12.51;125.1;0;0;0;0;0;157;0;0;87.5
114; D. FRANCISCA ;1;2;6.25;62.5;0;0;0;0;0;185;0;0;38.5
115; G.P. SOUZA   ;1;4;6.5;65;0;0;0;0;0;10;0;0;714.3
119; HENRY BORDEN ;1;1;4;40;0;0;0;0;0;7;0;0;711.5
119; HENRY BORDEN ;2;1;3.6;36;0;0;0;0;0;6;0;0;711.5
119; HENRY BORDEN ;3;5;6.5;65;0;0;0;0;0;12;0;0;711.5
119; HENRY BORDEN ;4;1;6.8;68;0;0;0;0;0;12;0;0;711.5
119; HENRY BORDEN ;5;6;7;70;0;0;0;0;0;12;0;0;711.5
120; JAGUARI      ;1;2;1.38;13.8;0;0;0;0;0;32;0;0;49.9
121; PARAIBUNA    ;1;1;4.304;43.04;0;0;0;0;0;63;0;0;78.3
121; PARAIBUNA    ;2;1;4.398;43.98;0;0;0;0;0;65;0;0;78.3
122; SANTA BRANCA ;1;2;2.802;28.02;0;0;0;0;0;71;0;0;44
123; FUNIL        ;1;3;7.2;72;0;0;0;0;0;120;0;0;69.6
126; PICADA       ;1;2;2.5;25;0;0;0;0;0;22;0;0;130.4
127; SOBRAGI      ;1;3;2;20;0;0;0;0;0;29;0;0;78
129; SIMPLICIO    ;1;3;10.19;101.9;0;0;0;0;0;103;0;0;111.46
130; ILHA POMBOS  ;1;1;2.741;27.41;0;0;0;0;0;97;0;0;33.34
130; ILHA POMBOS  ;2;1;2.73;27.3;0;0;0;0;0;97;0;0;33.34
130; ILHA POMBOS  ;3;1;3.201;32.01;0;0;0;0;0;113;0;0;33.34
130; ILHA POMBOS  ;4;1;4.905;49.05;0;0;0;0;0;173;0;0;33.34
130; ILHA POMBOS  ;5;1;5.14;51.4;0;0;0;0;0;182;0;0;33.34
131; NILO PECANHA ;1;2;4.762;47.62;0;0;0;0;0;18;0;0;309.2
131; NILO PECANHA ;2;4;7.12;71.2;0;0;0;0;0;26;0;0;309.2
133; P. PASSOS    ;1;2;4.995;49.95;0;0;0;0;0;155;0;0;37.6
134; SALTO GRANDE ;1;2;2.7;27;0;0;0;0;0;34;0;0;93
134; SALTO GRANDE ;2;2;2.4;24;0;0;0;0;0;30;0;0;93
135; P. ESTRELA   ;1;2;5.612;56.12;0;0;0;0;0;127;0;0;49.1
139; CANDONGA     ;1;3;4.667;46.67;0;0;0;0;0;106;0;0;48.6
141; BAGUARI      ;1;4;3.5;35;0;0;0;0;0;224;0;0;17.4
143; AIMORES      ;1;3;11;110;0;0;0;0;0;442;0;0;27.9
144; MASCARENHAS  ;1;4;4.95;49.5;0;0;0;0;0;303;0;0;18.26
145; SUICA        ;1;1;1.654;16.54;0;0;0;0;0;8;0;0;232.87
145; SUICA        ;2;1;1.879;18.79;0;0;0;0;0;9;0;0;232.87
146; FONTES C     ;1;1;4.4;44;0;0;0;0;0;16;0;0;303.3
147; FONTES AB    ;1;2;4.4;44;0;0;0;0;0;17;0;0;303.3
148; IRAPE        ;1;3;13.3;133;0;0;0;0;0;92;0;0;166.4
153; SAO DOMINGOS ;1;2;2.4;24;0;0;0;0;0;81;0;0;33.27
154; ITAPEBI      ;1;1;15.395;153.95;0;0;0;0;0;227;0;0;76.7
154; ITAPEBI      ;2;1;15.402;154.02;0;0;0;0;0;227;0;0;76.7
154; ITAPEBI      ;3;1;15.405;154.05;0;0;0;0;0;227;0;0;76.7
155; RETIRO BAIXO ;1;1;4.18;41.8;0;0;0;0;0;128;0;0;36.54
155; RETIRO BAIXO ;2;1;4.185;41.85;0;0;0;0;0;128;0;0;36.54
156; TRES MARIAS  ;1;6;6.6;66;0;0;0;0;0;151;0;0;50.2
162; QUEIMADO     ;1;3;3.5;35;0;0;0;0;0;23;0;0;168.1
169; SOBRADINHO   ;1;6;17.505;175.05;0;0;0;0;0;725;0;0;27.2
172; ITAPARICA    ;1;6;24.66;246.6;0;0;0;0;0;555;0;0;50.8
173; MOXOTO       ;1;4;10;100;0;0;0;0;0;557;0;0;20
174; P.AFONSO 123 ;1;3;6;60;0;0;0;0;0;84;0;0;81
174; P.AFONSO 123 ;2;1;7;70;0;0;0;0;0;97;0;0;82
174; P.AFONSO 123 ;3;1;7.5;75;0;0;0;0;0;104;0;0;82
174; P.AFONSO 123 ;4;3;7.6;76;0;0;0;0;0;106;0;0;81.5
174; P.AFONSO 123 ;5;4;19.855;198.55;0;0;0;0;0;258;0;0;87.5
175; P.AFONSO 4   ;1;6;41.04;410.4;0;0;0;0;0;401;0;0;112.5
178; XINGO        ;1;6;52.7;527;0;0;0;0;0;502;0;0;116.4
185; BARRA BRAUNA ;1;3;1.3;13;0;0;0;0;0;64;0;0;23.43
189; P. CAVALO    ;1;2;8;80;0;0;0;0;0;90;0;0;100.15
190; B. ESPERANCA ;1;2;5.5;55;0;0;0;0;0;146;0;0;42.1
190; B. ESPERANCA ;2;2;6.365;63.65;0;0;0;0;0;169;0;0;42.1
192; GUILMAN-AMOR ;1;4;3.5;35;0;0;0;0;0;34;0;0;116.8
193; SA CARVALHO  ;1;2;1.5;15;0;0;0;0;0;16;0;0;108.6
193; SA CARVALHO  ;2;1;1.8;18;0;0;0;0;0;19;0;0;108.6
193; SA CARVALHO  ;3;1;3;30;0;0;0;0;0;32;0;0;108.6
195; JAURU        ;1;2;3.93;39.3;0;0;0;0;0;43;0;0;102.86
195; JAURU        ;2;1;3.94;39.4;0;0;0;0;0;43;0;0;102.86
196; GUAPORE      ;1;3;4;40;0;0;0;0;0;27;0;0;166.8
203; CORUMBA III  ;1;1;4.78;47.8;0;0;0;0;0;142;0;0;38.2
203; CORUMBA III  ;2;1;4.864;48.64;0;0;0;0;0;145;0;0;38.2
204; CACH.CALDEIR ;1;3;7.3;73;0;0;0;0;0;547;0;0;14.77
215; SALTO PILAO  ;1;2;9.594;95.94;0;0;0;0;0;55;0;0;194
217; ROSAL        ;1;2;2.75;27.5;0;0;0;0;0;17;0;0;186
225; SLT APIACAS  ;1;3;1.5;15;0;0;0;0;0;68;0;0;25.61
227; SINOP        ;1;2;20.094;200.94;0;0;0;0;0;800;0;0;27.6
228; COLIDER      ;1;3;10;100;0;0;0;0;0;517;0;0;21.12
229; TELES PIRES  ;1;5;36.396;363.96;0;0;0;0;0;772;0;0;52.2
230; SAO MANOEL   ;1;4;18.396;183.96;0;0;0;0;0;920;0;0;21.85
241; SLT VERDINHO ;1;2;4.65;46.5;0;0;0;0;0;135;0;0;39.4
249; OURINHOS     ;1;3;1.467;14.67;0;0;0;0;0;169;0;0;10
251; SERRA MESA   ;1;3;42.5;425;0;0;0;0;0;399;0;0;117.2
252; CANA BRAVA   ;1;3;15;150;0;0;0;0;0;388;0;0;43.6
253; SAO SALVADOR ;1;2;12.16;121.6;0;0;0;0;0;590;0;0;22.84
257; PEIXE ANGIC  ;1;3;16.625;166.25;0;0;0;0;0;698;0;0;26.35
261; LAJEADO      ;1;5;18.05;180.5;0;0;0;0;0;689;0;0;29
262; SALTO        ;1;2;5.8;58;0;0;0;0;0;130;0;0;50.18
267; ESTREITO TOC ;1;8;13.588;135.88;0;0;0;0;0;790;0;0;18.94
272; CURUA-UNA    ;1;2;1;10;0;0;0;0;0;61;0;0;18.7
272; CURUA-UNA    ;2;1;1.03;10.3;0;0;0;0;0;63;0;0;18.7
272; CURUA-UNA    ;3;1;1.25;12.5;0;0;0;0;0;67;0;0;21.4
275; TUCURUI      ;1;2;2.25;22.5;0;0;0;0;0;38;0;0;65.5
275; TUCURUI      ;2;12;35;350;0;0;0;0;0;590;0;0;65.5
275; TUCURUI      ;3;10;39;390;0;0;0;0;0;698;0;0;61.7
276; RONDON II    ;1;3;2.45;24.5;0;0;0;0;0;49;0;0;57.6
277; BALBINA      ;1;5;4.995;49.95;0;0;0;0;0;257;0;0;21.7
278; MANSO        ;1;4;5.25;52.5;0;0;0;0;0;103;0;0;59.4
279; SAMUEL       ;1;5;4.335;43.35;0;0;0;0;0;170;0;0;28.5
280; COARACY NUNE ;1;2;2.4;24;0;0;0;0;0;123;0;0;21.9
280; COARACY NUNE ;2;1;3;30;0;0;0;0;0;154;0;0;21.9
281; PONTE PEDRA  ;1;3;5.87;58.7;0;0;0;0;0;26;0;0;243.45
283; STA CLARA MG ;1;3;2;20;0;0;0;0;0;44;0;0;52.6
284; FERREIRA GOM ;1;3;8.4;84;0;0;0;0;0;579;0;0;16.22
285; JIRAU        ;1;50;7.5;75;0;0;0;0;0;544;0;0;15.2
286; STO ANT JARI ;1;3;12.985;129.85;0;0;0;0;0;593;0;0;24.4
287; STO ANTONIO  ;1;24;7.33;73.3;0;0;0;0;0;598;0;0;13.9
287; STO ANTONIO  ;2;20;6.96;69.6;0;0;0;0;0;568;0;0;13.9
287; STO ANTONIO  ;3;6;6.96;69.6;0;0;0;0;0;565;0;0;13.9
288; BELO MONTE   ;1;17;61.111;611.11;0;0;0;0;0;771;0;0;86.9
290; ESPORA       ;1;3;1.067;10.67;0;0;0;0;0;24;0;0;50.7
304; ITIQUIRA I   ;1;2;3.04;30.4;0;0;0;0;0;40;0;0;86.1
305; ITIQUIRA II  ;1;2;4.828;48.28;0;0;0;0;0;40;0;0;135.33
309; JURUENA      ;1;2;2.5;25;0;0;0;0;0;83;0;0;33.27
310; DARDANELOS   ;1;4;5.8;58;0;0;0;0;0;68;0;0;95.6
310; DARDANELOS   ;2;1;2.9;29;0;0;0;0;0;34;0;0;95.6
311; CACU         ;1;2;3.25;32.5;0;0;0;0;0;135;0;0;26.9
312; B. COQUEIROS ;1;2;4.5;45;0;0;0;0;0;140;0;0;36
314; PIMENTAL     ;1;6;3.885;38.85;0;0;0;0;0;406;0;0;10.79
315; FOZ R. CLARO ;1;2;3.42;34.2;0;0;0;0;0;151;0;0;25.25
